id,first_name,email,ip_address,movies,ip_system_provider,system_provider_frequency,system_performance
1,Debby,dmillery0@ow.ly,40.3.59.90,Comedy|War,76.4.206.161/6,Yearly,40
2,Orelle,ojonk1@topsy.com,189.144.194.114,Drama|War,46.72.100.200/5,Monthly,39
3,Dena,dbeart2@va.gov,243.39.222.81,Drama|Romance,60.58.11.171/3,Weekly,99
4,Ruth,rgaffon3@phpbb.com,218.174.184.224,Drama|Romance,97.237.44.183/17,Daily,31
5,Eran,ecuseick4@google.es,71.88.234.240,Comedy|Crime,158.47.26.254/3,Often,78
6,Etta,ebolstridge5@flavors.me,8.87.22.248,Action|Crime|Drama,179.35.46.107/16,Daily,40
7,Wakefield,whoultham6@bloglovin.com,121.94.145.83,Action|Drama|Sci-Fi,32.36.129.62/14,,
8,Braden,bdamsell7@gmpg.org,97.57.238.157,Documentary,225.109.8.148/31,Seldom,69
9,Thorsten,tmackissack8@illinois.edu,28.16.27.193,Comedy,165.105.78.101/15,Monthly,26
10,Brigit,bodocherty9@angelfire.com,178.50.13.116,Horror|Sci-Fi,123.97.0.177/23,Weekly,22
11,Valentine,vquinevana@vkontakte.ru,217.142.166.161,Drama,30.253.255.5/2,Once,90
12,Debbie,dfolletb@cnet.com,69.164.158.234,Adventure|Western,146.217.37.196/10,Seldom,8
13,Merv,mdeathc@shop-pro.jp,57.202.88.131,Crime,40.118.95.165/28,Yearly,3
14,Shamus,sminterd@sciencedirect.com,203.105.52.171,Action|Comedy|Mystery|Romance,232.191.129.202/7,Daily,67
15,Meagan,mrowelle@miibeian.gov.cn,51.76.91.146,Drama,98.53.167.127/18,Once,9
16,Adriena,ahargravesf@bloglines.com,11.168.88.151,Thriller,190.219.99.164/12,Yearly,85
17,Sabra,sschofflerg@free.fr,140.218.174.45,Adventure|Drama,158.143.82.103/7,,
18,Starla,skeigherh@posterous.com,10.85.1.71,Action|Drama|War,36.152.204.78/13,Never,58
19,Aundrea,amacchaelli@naver.com,202.216.233.110,Comedy,171.56.166.48/26,Often,74
20,Zonda,zbentsonj@rambler.ru,155.9.240.250,Drama,3.195.59.33/11,Often,42
21,Fleurette,fcracoek@ucla.edu,226.242.229.118,Crime|Drama,9.51.87.254/10,,
22,Granville,gheiferl@sbwire.com,138.134.53.69,Drama|War,104.232.127.240/31,Monthly,2
23,Pietro,pkopsm@cnbc.com,190.231.25.141,Drama,243.92.220.194/5,Daily,70
24,Moss,mdelislen@naver.com,182.8.125.157,Drama|Romance,161.212.186.65/5,Often,43
25,Constantine,cfendero@themeforest.net,26.112.238.178,Horror,187.38.90.36/15,Once,91
26,Todd,tranyellp@blogs.com,28.71.233.158,Drama|War,46.68.208.132/2,Daily,6
27,Skyler,swilmanq@live.com,151.203.250.181,Action|Comedy|Horror,119.142.32.178/14,Daily,56
28,Eve,eblackstockr@discuz.net,34.3.24.224,Comedy,6.54.189.62/25,Yearly,33
29,Korey,kitzkovicis@dell.com,200.132.46.13,Drama|Mystery,85.87.122.9/23,Never,61
30,Beatrix,bconneelyt@wp.com,241.153.60.210,Comedy|Romance|Western,65.157.255.210/30,Never,87
31,Payton,ppittmanu@bbb.org,88.168.60.242,Drama|Horror,41.61.149.117/2,Never,12
32,Zsazsa,zgonzalezv@seattletimes.com,107.97.46.166,Mystery|Thriller,167.133.173.25/6,Daily,68
33,Jamaal,jwalstoww@dailymotion.com,149.117.117.29,Comedy,182.24.188.37/7,Yearly,69
34,Caria,ccockaynex@purevolume.com,208.233.218.155,Comedy,100.22.245.21/18,Monthly,71
35,Coleen,cjervoisy@list-manage.com,203.245.53.222,Action|Crime|Drama,137.110.139.44/10,Never,3
36,Berk,bgreganz@salon.com,23.146.185.142,Comedy|Drama|Mystery|Thriller,139.115.176.45/3,Never,46
37,Hillery,havrasin10@netscape.com,201.151.63.2,Drama|Thriller,91.46.117.52/25,,
38,Rhianon,rargont11@stumbleupon.com,219.148.84.210,Documentary,103.215.246.84/21,Monthly,21
39,Sammy,sbartolomeoni12@blogspot.com,119.43.34.165,Comedy,71.8.79.136/1,Once,55
40,Calvin,croggerone13@dailymotion.com,144.136.98.184,Drama,230.127.122.179/4,Daily,57
41,Edythe,eesterbrook14@mac.com,223.161.182.229,Drama,37.221.153.208/19,Weekly,66
42,Isabel,ibimson15@prweb.com,182.3.228.102,Comedy|Drama,7.188.232.223/25,Never,98
43,Parsifal,piwanczyk16@sogou.com,159.62.230.107,Drama|Horror|Sci-Fi,15.2.111.32/5,Monthly,5
44,Timothy,tmcvitie17@telegraph.co.uk,240.209.104.136,Crime|Drama|Thriller,209.224.113.221/20,Often,57
45,Kellen,kcheine18@mtv.com,166.127.46.149,Comedy|Romance,151.224.181.37/26,Yearly,55
46,Devonne,ddanielsky19@mashable.com,191.91.215.93,Comedy,251.203.4.181/12,,
47,Tye,tserotsky1a@cbsnews.com,88.139.13.245,Adventure|Comedy,203.248.173.81/4,Daily,26
48,Silvanus,sgawkroge1b@unicef.org,156.157.173.156,Comedy|Drama|Romance,172.254.28.224/6,Once,78
49,Esma,elathleiff1c@home.pl,241.235.105.103,Documentary,41.167.154.3/12,Daily,34
50,Annabelle,amolineaux1d@jugem.jp,146.219.116.146,Drama,48.60.104.249/17,Daily,31
51,Adriana,acamilli1e@redcross.org,122.217.176.123,Comedy,160.198.50.106/11,Never,88
52,Jennilee,jfleay1f@ustream.tv,66.99.3.181,Comedy|Drama,160.64.142.217/6,Seldom,42
53,Omero,oizchaki1g@g.co,34.31.35.148,Comedy|Drama,109.45.55.230/28,Often,100
54,Jannel,jrabidge1h@google.it,74.25.158.248,Crime|Drama,54.214.111.38/23,Seldom,69
55,Norrie,nscathard1i@nhs.uk,136.42.157.227,Drama|War,184.88.155.161/19,Once,46
56,Grata,gdeinhardt1j@hud.gov,137.118.62.84,Adventure|Drama|Sci-Fi,221.188.183.189/9,Daily,20
57,Brendis,bfavey1k@nifty.com,38.57.102.109,Drama|Thriller|War,216.120.105.140/31,Often,39
58,Dael,dmcvittie1l@cargocollective.com,101.194.160.159,Action,28.192.32.14/17,Monthly,63
59,Margi,mboothebie1m@elegantthemes.com,58.223.32.147,Crime|Drama,198.104.108.175/5,Weekly,79
60,Sebastien,ssomersett1n@dropbox.com,0.3.40.156,Horror|Thriller,109.219.102.212/15,Seldom,73
61,Concordia,cjodlowski1o@discovery.com,153.28.23.16,Mystery,4.229.153.73/31,Seldom,17
62,Laryssa,lheinig1p@mayoclinic.com,160.193.177.95,Comedy|Romance,242.92.61.108/6,Once,78
63,Carmelita,cvinnicombe1q@msn.com,221.219.189.22,Drama,196.97.84.211/31,,
64,Gwenora,gmcquillin1r@tuttocitta.it,16.11.108.102,Drama|Romance,174.175.98.219/16,Often,2
65,Xerxes,xschuricht1s@opera.com,218.249.31.111,Comedy|Drama,218.169.207.111/10,,
66,Othelia,orohlfs1t@zdnet.com,208.123.86.12,Action|Adventure|Fantasy|Horror,203.65.21.199/29,Weekly,56
67,Rayna,rcarthew1u@cbslocal.com,140.0.31.51,Documentary,5.141.32.188/20,Weekly,71
68,Domingo,dmcmurtyr1v@xing.com,119.62.147.23,Action,233.134.73.245/15,Yearly,84
69,Abie,aisgate1w@howstuffworks.com,149.94.220.81,Drama|Horror|Musical|Thriller,18.252.64.193/14,Yearly,49
70,Mae,mwoolatt1x@vk.com,21.166.118.62,Drama|Romance,130.225.203.3/29,Often,79
71,Keelia,kbooy1y@hud.gov,138.105.238.134,Comedy,176.201.33.103/16,Monthly,71
72,Batholomew,brivelin1z@fc2.com,7.143.31.100,Drama,136.83.192.82/23,Daily,66
73,Daisy,ddavidek20@csmonitor.com,74.171.163.96,Comedy|Drama,149.24.203.17/28,Weekly,64
74,Arline,ahanscome21@zimbio.com,93.160.143.235,Comedy|Musical,164.100.92.30/7,Once,43
75,Noble,nohickee22@homestead.com,62.158.4.42,Drama|Romance,132.40.239.228/13,Once,74
76,Erin,edimblebee23@hostgator.com,107.172.181.249,Action|Adventure|Sci-Fi,164.254.166.37/19,Once,12
77,Chery,cmamwell24@linkedin.com,191.43.57.184,Drama|Romance,5.49.138.107/9,Monthly,81
78,Winne,wure25@dyndns.org,99.193.38.212,Adventure|Fantasy|Sci-Fi,158.219.215.199/23,Once,49
79,Carlin,cscoggan26@blogger.com,128.66.24.18,Drama|Horror|Thriller,140.50.184.63/6,Monthly,6
80,Clyde,cwarlowe27@is.gd,87.39.4.140,Drama|Sci-Fi|Thriller,34.71.213.250/17,Daily,61
81,Dagmar,dmcvee28@howstuffworks.com,32.115.119.131,Action|Adventure|Drama,122.106.34.221/30,Yearly,56
82,Delcina,dstaig29@fda.gov,36.82.96.200,Documentary|Drama,55.218.224.25/30,Never,11
83,Conway,chiggoe2a@japanpost.jp,110.52.180.129,Drama|Romance,70.79.254.81/27,Yearly,36
84,Freemon,fmedina2b@tuttocitta.it,136.150.132.116,Comedy|Drama,1.145.20.233/26,Often,42
85,Luce,lpoulsum2c@kickstarter.com,217.62.32.69,Drama,118.107.36.205/19,,
86,Sabine,sgoodricke2d@live.com,84.79.213.109,Western,133.11.226.110/20,,
87,Mervin,mgluyas2e@tumblr.com,199.32.76.8,Drama,201.139.137.255/12,Once,36
88,Thor,tkilian2f@ow.ly,132.223.57.163,Mystery,191.187.210.124/25,Monthly,78
89,Kissee,kley2g@newyorker.com,64.202.158.18,Comedy|Sci-Fi,10.49.252.19/30,Seldom,89
90,Berti,bsmallpeice2h@xing.com,169.162.205.111,Crime|Drama|Mystery,193.166.171.150/4,Often,10
91,Fair,fbelison2i@i2i.jp,221.163.6.81,Comedy,129.138.198.227/22,,
92,Vonni,vsowood2j@ed.gov,67.144.169.232,Drama,178.31.137.106/17,,
93,Alberto,apenwarden2k@forbes.com,56.8.26.1,Horror|Mystery|Thriller,61.44.2.42/8,Seldom,24
94,Mamie,mgerssam2l@loc.gov,177.130.195.119,Comedy|Drama|Romance,34.90.228.35/11,Often,82
95,Vergil,vgatward2m@so-net.ne.jp,185.5.222.56,Documentary,94.181.136.7/30,Yearly,28
96,Harlin,hgolbourn2n@hubpages.com,247.35.190.125,Crime|Drama|Film-Noir|Mystery,251.117.171.191/15,,
97,Godart,gradish2o@imdb.com,84.119.180.238,Action|Sci-Fi,167.219.30.177/26,Weekly,88
98,Cleve,ctrevillion2p@netlog.com,253.252.165.139,Action|Adventure|Sci-Fi,210.254.88.43/27,Weekly,70
99,Sherrie,stortice2q@imdb.com,76.34.130.187,Documentary,170.12.12.176/2,Never,31
100,Rosabelle,rstreet2r@sakura.ne.jp,154.13.133.66,Comedy|Drama,178.216.74.185/13,Yearly,77
101,Ulises,uwarboys2s@addtoany.com,222.229.177.197,Action|Thriller,36.186.226.243/14,Never,76
102,Billy,beddington2t@fc2.com,129.66.33.185,Horror,115.207.53.231/19,Yearly,55
103,Randie,rwoolens2u@cmu.edu,199.231.1.26,Children|Drama|Romance,219.180.200.13/16,Monthly,34
104,Stesha,scansdale2v@issuu.com,211.201.234.72,Comedy|Crime|Drama,94.238.23.105/7,Once,92
105,Zoe,zeglinton2w@gnu.org,166.208.33.161,Comedy|Drama,115.175.209.132/4,,
106,Florian,fnoir2x@go.com,176.45.206.9,Drama,222.134.18.80/2,Never,61
107,Shell,sbeedon2y@com.com,72.52.198.146,Comedy|Drama,173.108.113.228/25,,
108,Yetty,yfrentz2z@mayoclinic.com,98.199.198.51,Action|Horror|Sci-Fi|Thriller,193.238.24.207/4,Yearly,41
109,Sully,smoloney30@fotki.com,173.239.136.154,Drama|Musical|Romance,117.16.31.138/10,Once,97
110,Jacquelyn,jbotterman31@blog.com,151.207.72.108,Drama,161.92.106.194/11,Weekly,84
111,Annalee,asmall32@bbc.co.uk,1.65.97.15,Comedy|Drama,109.36.2.167/7,Once,43
112,Nettie,nfleischer33@linkedin.com,248.177.179.133,Documentary,133.2.62.133/5,Yearly,8
113,Byrann,bwrathmell34@omniture.com,1.85.213.39,Comedy|Romance,11.55.115.11/11,Monthly,74
114,Raynell,rlumley35@liveinternet.ru,115.243.227.133,Comedy|Drama,50.121.2.7/5,Daily,32
115,Scottie,ssipson36@java.com,169.199.201.228,Drama|Horror|Romance,184.39.58.149/2,Daily,44
116,Gwennie,gpennicott37@cloudflare.com,55.149.181.134,Adventure|Animation|Sci-Fi,86.167.160.66/21,,
117,Valdemar,vould38@shop-pro.jp,70.145.29.191,Drama,88.155.42.60/15,Often,40
118,Amabel,afountian39@comcast.net,108.161.59.217,Drama|Romance|War,7.84.45.236/25,,
119,Tonia,twraith3a@trellian.com,133.55.238.84,Drama,134.250.190.202/1,Yearly,23
120,Pavlov,pritchman3b@wunderground.com,198.88.101.38,Animation|Comedy,130.121.140.169/27,Monthly,9
121,Herc,hodeegan3c@alibaba.com,43.135.155.228,Crime|Romance,140.26.135.42/5,Weekly,45
122,Laird,lhess3d@nydailynews.com,176.127.56.59,Drama|War,208.159.10.211/17,Seldom,77
123,Sapphire,ssiemon3e@sbwire.com,83.34.18.75,Comedy|Musical|Romance,132.231.184.11/18,Weekly,2
124,Brigitte,bscougal3f@pcworld.com,221.189.193.150,Adventure,12.114.219.58/13,Monthly,83
125,Batholomew,bstaddart3g@ucsd.edu,171.69.66.76,Drama,41.26.49.77/10,,
126,Emlynn,etullot3h@npr.org,235.242.7.74,Sci-Fi|Thriller,250.234.82.76/8,Once,27
127,Amanda,aallanson3i@linkedin.com,116.102.182.141,Comedy,138.7.113.254/14,Often,83
128,Christian,cvuittet3j@tmall.com,25.175.250.18,Adventure|Animation|Comedy,59.237.46.105/20,Weekly,83
129,Garey,gdoche3k@forbes.com,120.78.148.211,Action|Comedy|Crime|Drama,204.67.52.52/26,Never,9
130,Shaun,sjosovitz3l@sina.com.cn,34.162.120.93,Thriller,34.70.176.221/6,Never,35
131,Yasmin,ytitcomb3m@imdb.com,54.190.126.249,Drama|Musical,221.131.165.191/1,Once,52
132,Fulvia,fpavett3n@samsung.com,255.128.101.122,Animation|Comedy,177.172.6.151/30,Yearly,83
133,Ulrika,ugantley3o@msn.com,66.92.88.27,Drama,141.143.245.141/2,Monthly,55
134,Sanders,smaccook3p@chicagotribune.com,142.236.212.212,Action|Crime|Thriller,216.130.173.238/28,Never,54
135,Darby,dstonbridge3q@meetup.com,161.197.121.239,Drama|Thriller,100.194.11.214/20,,
136,Lishe,lgutherson3r@51.la,124.64.237.201,Comedy,30.105.125.62/27,Yearly,81
137,Tisha,tdeacock3s@statcounter.com,86.29.130.116,Crime|Drama|Thriller,252.111.221.255/29,Weekly,58
138,Gardner,gsmeath3t@meetup.com,164.66.113.161,Drama,231.94.12.147/29,Daily,63
139,Ellynn,emaddra3u@usgs.gov,76.175.175.141,Drama,47.40.128.104/10,Seldom,13
140,Winslow,wlacase3v@earthlink.net,140.124.113.251,Animation|Children|Comedy|Musical,150.230.91.243/9,Yearly,78
141,Hubert,hhuygen3w@bloglines.com,0.128.3.246,Drama,81.202.52.163/10,,
142,Emmi,ehartford3x@dedecms.com,173.44.209.252,Children|Comedy,63.158.25.132/26,Often,96
143,Keven,kcannavan3y@twitpic.com,255.86.56.145,Fantasy,94.4.146.117/17,Daily,68
144,Rob,rjobke3z@nymag.com,56.16.70.116,Drama,103.14.29.4/28,Monthly,26
145,Dalenna,dfillan40@hubpages.com,48.42.202.74,Adventure|Drama|Romance,200.75.197.166/14,Never,26
146,Petra,ppegrum41@topsy.com,52.49.110.162,Comedy|Drama,79.9.1.217/10,Monthly,25
147,Audre,akevane42@opensource.org,154.182.88.92,Drama|Thriller|War,198.62.70.123/4,Often,73
148,Stepha,sbizzey43@slashdot.org,22.57.198.21,Comedy|Romance,220.155.13.121/31,Yearly,70
149,Ardene,atowl44@cafepress.com,238.214.7.225,Comedy|Drama,228.178.227.245/15,Never,64
150,Geraldine,gpelz45@patch.com,147.69.246.107,Drama,200.173.170.141/31,Seldom,99
151,Emmalyn,ewalles46@is.gd,235.147.23.34,Drama,26.236.0.210/6,Weekly,36
152,Westleigh,wmelin47@topsy.com,222.56.102.202,Documentary,229.32.128.190/17,Often,86
153,Lincoln,lmounce48@etsy.com,215.200.129.253,Action|Adventure|Fantasy,114.226.223.4/18,Seldom,51
154,Giffie,gweeks49@cloudflare.com,54.154.251.194,Comedy,249.74.214.183/15,Seldom,81
155,Charis,cspacey4a@e-recht24.de,129.181.208.214,Action|Sci-Fi,234.215.112.99/8,Monthly,23
156,Joellyn,jmammatt4b@yellowbook.com,182.5.119.98,Action|Adventure|Animation|Sci-Fi,234.127.148.30/27,,
157,Tabitha,ttuison4c@github.com,203.213.248.8,Animation|Drama|Romance,34.20.164.221/16,Often,28
158,Vincents,vcoop4d@miibeian.gov.cn,192.150.172.63,Animation|Children|Fantasy|Musical,240.107.174.208/27,Daily,18
159,Gunner,gvidyapin4e@illinois.edu,40.155.228.183,Comedy,151.244.199.192/5,Once,55
160,Pat,ploughrey4f@elpais.com,28.74.70.248,Comedy|Musical,249.33.203.31/20,Daily,16
161,Sidnee,ssibbs4g@trellian.com,243.58.91.56,Drama,132.114.205.238/10,Seldom,18
162,Alissa,asinkinson4h@kickstarter.com,64.6.246.239,Drama|Horror|Mystery,10.31.230.238/18,Monthly,96
163,Abbey,aslocum4i@topsy.com,70.212.195.133,Comedy|Romance,53.66.249.74/4,Seldom,19
164,Glori,gforce4j@house.gov,146.221.72.238,Comedy,68.31.96.60/22,Yearly,10
165,Redford,rvarndell4k@ebay.com,199.112.245.68,Comedy|Crime,111.62.161.234/30,Weekly,44
166,Avrit,amallinar4l@edublogs.org,179.216.90.85,Animation|Comedy|Drama,80.47.82.104/18,Daily,23
167,Faydra,fhollingby4m@wired.com,137.14.186.10,Action|Adventure|Sci-Fi|Thriller,76.113.17.212/10,Monthly,23
168,Emilee,eswitland4n@sphinn.com,239.51.125.132,Comedy,187.228.76.101/1,Never,82
169,Jo-anne,jstanners4o@simplemachines.org,95.133.125.157,Drama|Romance,97.185.35.7/2,Monthly,38
170,Coleen,cvigurs4p@xing.com,199.216.6.14,Crime|Horror|Mystery,204.149.236.61/6,Monthly,36
171,Dorris,dlantry4q@prweb.com,46.73.145.217,Drama,163.124.146.248/29,Monthly,87
172,Kienan,kridgway4r@businessweek.com,140.143.130.193,Crime|Drama|Film-Noir|Thriller,189.168.95.36/3,Yearly,51
173,Chris,clinsley4s@shinystat.com,249.32.236.88,Drama|Mystery,136.156.89.216/3,Often,11
174,Woodrow,wdugood4t@scientificamerican.com,189.80.98.14,Drama,220.39.29.245/25,,
175,Carolee,ctreasaden4u@yellowbook.com,83.62.99.147,Action|Fantasy|Western,220.59.94.205/6,Weekly,53
176,Fidelia,flandsbury4v@state.tx.us,37.7.193.89,Drama,54.77.7.62/11,Monthly,49
177,Page,psturges4w@nbcnews.com,248.214.155.59,Drama|War,100.105.119.239/26,,
178,Guillaume,glingard4x@vimeo.com,65.41.95.222,Action|Adventure|Fantasy,183.173.225.113/27,Never,76
179,Jordanna,jglavis4y@e-recht24.de,106.62.110.220,Western,19.176.126.116/5,,
180,Simonne,subanks4z@networkadvertising.org,70.55.244.13,Drama|Romance,31.108.243.182/8,,
181,Goldia,gsmyth50@google.fr,190.19.238.241,Animation|Children|Musical,101.219.140.25/14,Daily,47
182,Marmaduke,mclyne51@craigslist.org,24.107.28.132,Documentary,110.216.95.72/1,Once,85
183,Patrice,pdowdney52@wiley.com,159.59.38.236,Documentary,150.23.104.55/14,,
184,Clarey,ckeri53@earthlink.net,245.125.32.108,Drama|Romance|Thriller,255.137.213.40/29,Seldom,72
185,Luz,lducket54@wsj.com,41.246.188.52,Drama,221.139.67.199/18,Often,50
186,Danyette,ddockrill55@soup.io,102.22.238.131,Comedy|Drama,196.159.61.187/30,Daily,8
187,Dena,dsharphouse56@dot.gov,231.118.250.99,Comedy|Crime,191.2.101.196/17,Never,73
188,Ruthie,raynsley57@weather.com,64.6.212.142,Action|Adventure,233.69.96.92/27,Never,44
189,Abigael,arentenbeck58@addthis.com,144.157.228.212,Action|Drama|Fantasy,189.241.118.80/11,Never,48
190,Granville,gmaggiori59@eepurl.com,22.0.78.162,Children|Drama,249.97.220.90/1,Weekly,14
191,Shandee,spurle5a@ihg.com,58.246.102.64,Animation|Comedy|Fantasy,46.158.74.151/26,Yearly,62
192,Bank,bbromell5b@kickstarter.com,189.158.99.9,Adventure|Drama,8.48.197.178/4,Never,96
193,Creighton,ccaghy5c@networkadvertising.org,120.166.62.45,Adventure|Animation|Children|Comedy|Drama|Romance,136.73.26.32/27,Seldom,61
194,Guilbert,gchamberlaine5d@myspace.com,23.57.171.48,Adventure|Animation,196.29.37.192/19,,
195,Muriel,mpollastro5e@wikipedia.org,224.60.125.139,Animation|Drama|Sci-Fi|IMAX,76.95.140.151/24,Yearly,47
196,Pennie,ppohl5f@delicious.com,210.233.19.237,Comedy|Drama,66.87.68.151/6,Monthly,55
197,Garold,ggiblett5g@reuters.com,205.235.21.7,Documentary|Drama|Musical,44.99.40.161/22,Monthly,4
198,Reggy,rkroon5h@mac.com,89.176.72.238,Horror|Thriller,32.92.148.106/23,Often,67
199,Jocelyn,jdurden5i@51.la,179.14.133.59,Children|Comedy,28.136.226.97/23,Seldom,68
200,Catharine,ckilrow5j@pinterest.com,199.123.59.195,Animation|Children|Comedy,74.169.41.145/27,Weekly,44
201,Gwenora,gwaltering5k@gnu.org,85.184.56.107,Drama,9.240.253.130/13,Monthly,25
202,Agnola,abridle5l@hp.com,214.99.215.174,Drama|Romance,142.183.58.74/9,Seldom,57
203,Niall,nscourge5m@delicious.com,225.136.156.76,Drama|Romance,47.233.171.90/14,Seldom,19
204,Birgitta,bmougenel5n@miitbeian.gov.cn,85.177.250.158,Drama|Thriller,53.178.221.89/21,Seldom,52
205,Clotilda,cpowland5o@yahoo.com,153.118.230.11,Comedy|Romance,206.221.155.72/28,Seldom,79
206,Em,ekenen5p@disqus.com,203.44.168.211,Comedy|Crime|Drama|Romance,80.252.198.136/29,,
207,Carina,cwyllt5q@cpanel.net,172.15.237.98,Drama|Horror,166.237.75.109/20,Weekly,63
208,Chic,cwhanstall5r@acquirethisname.com,242.16.137.235,Crime|Drama|Thriller,184.216.210.217/31,Often,65
209,Natassia,nough5s@sina.com.cn,9.177.229.202,Documentary,221.171.72.50/5,,
210,Gerianna,gkaiser5t@adobe.com,26.245.159.114,Adventure|Sci-Fi,224.170.187.214/12,,
211,Bettine,bcoffelt5u@springer.com,251.180.72.208,Horror|Thriller,211.100.109.211/31,,
212,Cassy,cansell5v@bizjournals.com,61.35.247.125,Crime|Horror|Thriller,153.80.9.189/7,Yearly,4
213,Wyn,wmcghee5w@mozilla.org,50.225.218.23,Animation|Children|Fantasy,122.92.183.217/8,Seldom,94
214,Mira,mgascoigne5x@barnesandnoble.com,45.143.170.138,Drama,124.228.28.183/15,,
215,Deirdre,dpiddletown5y@booking.com,95.195.214.4,Action|Adventure|Animation|Horror|Sci-Fi,172.7.232.92/29,Weekly,90
216,Korella,kbust5z@zdnet.com,127.77.91.135,Comedy,227.18.168.185/12,Yearly,15
217,Emera,erowly60@apple.com,170.53.126.152,Drama,14.160.157.197/31,Yearly,77
218,Malissa,mbrunning61@feedburner.com,97.171.37.53,Drama|Mystery,40.142.100.220/21,Often,87
219,Elfrida,eabramino62@flavors.me,186.189.73.220,Comedy|Drama,72.32.203.70/8,Seldom,68
220,Willabella,wcottam63@naver.com,145.12.66.131,Comedy,15.252.210.226/23,,
221,Arin,afraczek64@sfgate.com,240.35.44.210,Documentary,2.38.88.0/10,Seldom,15
222,Eulalie,efogarty65@redcross.org,248.63.132.226,Drama|War,33.38.54.156/24,Often,9
223,Dacy,dknevet66@theglobeandmail.com,64.40.36.242,Documentary,228.50.36.15/13,Once,93
224,Deck,dplaxton67@addtoany.com,64.93.59.48,Action|Comedy|Western,31.60.192.75/12,Daily,71
225,Jerrilee,jdesouza68@nydailynews.com,55.223.209.249,Comedy|Drama,111.234.100.233/10,Yearly,58
226,Benedick,bocrigane69@washingtonpost.com,242.170.62.58,Drama,165.143.171.157/8,Often,72
227,Pippo,phorsewood6a@canalblog.com,213.135.227.227,Comedy|Drama,22.98.75.121/8,Seldom,49
228,Brynna,bmenhenitt6b@tinyurl.com,168.14.99.187,Documentary,182.253.188.32/24,,
229,Guenna,gbodicam6c@hao123.com,155.143.54.91,Drama|Romance,156.235.161.211/5,Never,79
230,William,wdomm6d@jigsy.com,182.180.60.69,Comedy,133.25.211.162/5,Seldom,18
231,Belvia,bsarath6e@stanford.edu,101.54.228.224,Action|Adventure|Drama|Fantasy|Romance,148.56.34.142/1,Weekly,77
232,Manya,mjanczyk6f@virginia.edu,105.171.19.151,Horror,184.1.53.182/1,Weekly,54
233,Karry,kelcoux6g@gmpg.org,250.38.154.207,Action|Adventure|Drama|Thriller|Western,9.3.8.186/30,Never,39
234,Gustav,gghelardi6h@microsoft.com,42.241.74.72,Animation|Children,198.93.229.229/17,Monthly,71
235,Kimberlee,kkornalik6i@joomla.org,87.119.169.127,Action|Drama,229.48.183.153/27,Weekly,54
236,Jefferson,jharper6j@shareasale.com,179.128.99.119,Adventure|Drama|Romance|Thriller,159.98.228.213/11,Daily,48
237,Cornelius,cdeferraris6k@uiuc.edu,119.149.102.44,Romance,225.126.213.175/4,Daily,1
238,Robbie,rbeddie6l@msn.com,117.118.3.26,Drama|Mystery|Thriller,12.199.223.78/6,Often,81
239,Malissia,mcourse6m@friendfeed.com,191.148.84.219,Comedy|Horror,87.62.130.72/25,Daily,70
240,Matelda,mbrekonridge6n@un.org,218.135.0.243,Comedy|Musical|Romance,153.168.36.10/13,Daily,60
241,Bruce,bkincla6o@umn.edu,171.7.154.235,Comedy|Drama,50.156.66.134/20,Daily,82
242,Zacherie,zhirsthouse6p@opensource.org,25.19.180.198,Drama|Romance,76.223.127.61/20,Seldom,8
243,Ronnica,ragnolo6q@desdev.cn,85.178.109.191,Crime|Mystery|Thriller,214.59.179.54/11,Once,29
244,Levi,lhastilow6r@go.com,107.135.74.37,Drama,90.206.210.133/21,Often,86
245,Stephenie,sbourthoumieux6s@people.com.cn,190.230.207.95,Comedy,254.173.42.106/25,Seldom,94
246,Brice,blinsey6t@google.ca,223.160.44.64,Comedy,13.131.74.203/12,Never,57
247,Doralyn,dbellard6u@ow.ly,99.100.23.199,Drama,164.82.48.209/11,Often,36
248,Gordon,galaway6v@drupal.org,237.25.96.163,Drama|Horror|Thriller,69.44.169.36/9,Often,44
249,Gabriel,growling6w@yahoo.com,121.175.3.88,Comedy,167.215.64.203/9,,
250,Clifford,cbernardon6x@vimeo.com,42.176.132.67,Comedy|Drama,205.159.86.212/24,,
251,Leona,ltick6y@miitbeian.gov.cn,15.86.68.133,Drama|Romance,196.195.120.99/24,Seldom,97
252,Baldwin,bfabler6z@amazon.de,226.224.120.12,Action|Thriller,5.34.132.215/20,Yearly,17
253,Jillie,jbowhay70@addthis.com,141.154.14.147,Crime|Mystery|Thriller,252.186.162.5/17,Never,11
254,Dionis,dmanville71@bigcartel.com,12.190.67.191,Action|Adventure|Comedy|Fantasy,162.6.197.181/28,Yearly,66
255,Goddart,gdullard72@gravatar.com,108.104.73.103,Comedy|Musical|Romance,58.59.200.100/11,Often,98
256,Bastian,bcrosdill73@archive.org,28.121.141.194,Comedy|Drama,30.163.181.214/22,Often,89
257,Cheslie,ccopello74@people.com.cn,129.241.140.111,Crime|Horror|Sci-Fi,112.64.92.17/7,Monthly,82
258,Alexi,apetrelli75@paypal.com,183.231.206.62,Crime|Drama,152.113.24.87/15,Monthly,42
259,Johnna,jdantonio76@topsy.com,32.186.47.56,Drama|War,75.253.27.43/19,Weekly,96
260,Lucienne,lcossey77@tinyurl.com,34.55.187.33,Crime|Drama,112.190.65.10/9,Yearly,71
261,Trueman,tklaesson78@drupal.org,237.8.168.53,Documentary,148.72.4.160/11,Once,84
262,Mayor,mrooke79@arizona.edu,142.249.36.182,Drama,158.230.139.87/7,Daily,94
263,Donnie,dbosden7a@google.com.hk,59.131.230.203,Drama|Fantasy|Mystery,210.168.219.196/20,Seldom,93
264,Mame,mpearce7b@skype.com,64.232.83.2,Documentary,227.42.24.127/3,Never,13
265,Kata,khugli7c@diigo.com,198.200.11.214,Comedy|Romance,183.32.245.246/8,,
266,Ardith,ascocroft7d@twitpic.com,204.228.43.146,Drama,150.203.108.251/27,Seldom,52
267,Beret,bfardon7e@netvibes.com,152.128.161.189,Drama,189.16.250.43/30,,
268,Glory,gmougel7f@moonfruit.com,48.253.82.164,Drama,66.209.129.112/15,Weekly,34
269,Timothy,teveral7g@paypal.com,79.208.118.60,Crime|Mystery,217.22.177.128/22,Often,82
270,Klarrisa,kplummer7h@home.pl,51.228.160.50,Animation|Comedy|Sci-Fi,122.92.83.80/18,Monthly,34
271,Tracie,tcrowder7i@hp.com,118.32.163.229,Comedy|Romance,139.231.137.84/9,,
272,Hayley,hhagyard7j@dailymail.co.uk,94.31.123.247,Drama,88.83.131.18/6,Daily,64
273,Dan,dclout7k@gov.uk,97.229.31.211,Drama,44.34.56.45/27,Seldom,85
274,Tudor,tfitzgibbon7l@psu.edu,140.164.249.47,Comedy|Drama,245.77.97.110/20,Monthly,13
275,Bendix,bcordero7m@cam.ac.uk,21.26.210.208,Adventure|Drama|Western,8.231.13.1/1,,
276,Marleah,mcrimin7n@ucoz.ru,52.53.232.200,Comedy|Romance,43.187.41.45/5,Never,50
277,Owen,otoulch7o@usa.gov,132.232.7.58,Documentary,87.106.251.29/28,,
278,Norah,nquene7p@ebay.com,148.38.122.128,Drama,235.7.91.114/27,Never,27
279,Nicolis,ncyson7q@disqus.com,77.139.226.94,Drama,72.187.104.177/1,Never,79
280,Fran,fivancevic7r@linkedin.com,164.130.97.245,Horror,19.15.209.193/29,Weekly,62
281,Krissie,kdellabbate7s@pbs.org,51.194.141.163,Crime|Drama,176.75.240.176/10,,
282,Vivyan,vscarr7t@sphinn.com,16.34.199.234,Drama,238.210.192.122/20,Seldom,67
283,Danella,dsutliff7u@nasa.gov,173.9.128.130,Comedy|Sci-Fi,70.108.251.14/13,Weekly,3
284,Fred,fkuna7v@mit.edu,80.92.9.171,Drama,41.126.152.95/6,Daily,36
285,Timothea,twurst7w@cdc.gov,49.214.79.223,Horror,100.28.154.16/1,Monthly,88
286,Almeta,aketley7x@uol.com.br,191.255.82.53,Crime|Thriller,80.228.133.103/21,Often,81
287,Hart,hwalkling7y@yale.edu,244.241.195.141,Drama|Thriller,13.6.191.96/27,Monthly,92
288,Chris,ccullinan7z@wunderground.com,203.106.218.181,Drama,203.173.78.174/9,,
289,Isabelita,icayley80@macromedia.com,41.180.55.55,Animation|Children|Comedy,54.207.133.57/26,Once,56
290,Adair,amunkley81@fda.gov,105.129.102.136,Mystery,155.213.126.95/27,,
291,Lindsy,lwrintmore82@paginegialle.it,183.87.68.222,Action|Crime|Drama|Horror,180.24.100.158/30,Weekly,61
292,Port,pgash83@pinterest.com,138.150.175.106,Comedy|Drama,15.245.6.123/19,Seldom,43
293,Aigneis,atomsen84@ezinearticles.com,24.18.53.57,Comedy|Drama,80.169.173.185/19,Weekly,35
294,Kynthia,kleidecker85@google.com.br,127.238.138.91,Action|Adventure|Children|Comedy,103.164.215.194/8,Monthly,91
295,Josi,jmattack86@tumblr.com,40.222.100.82,Drama|War,184.30.212.56/6,Seldom,17
296,Vicki,vwathall87@japanpost.jp,158.78.109.183,Horror,141.247.226.95/31,Once,37
297,Garvey,gfensome88@google.fr,45.99.17.109,Comedy,122.183.88.198/1,Weekly,10
298,Anallese,amorriss89@bravesites.com,110.76.101.49,Horror,121.226.226.249/8,Daily,54
299,Ogdon,ovivash8a@list-manage.com,84.60.104.107,Adventure|Romance|War,67.26.83.210/27,,
300,Kaela,kditchfield8b@apple.com,104.146.117.146,Crime|Drama,59.68.182.180/15,Monthly,48
301,Fiona,fnassau8c@redcross.org,224.42.56.213,Adventure|Comedy|Drama,43.240.21.93/30,Monthly,60
302,Gamaliel,gnavarre8d@moonfruit.com,232.124.78.32,Animation|Drama|Sci-Fi|War,192.236.170.225/4,Weekly,24
303,Lin,lcalliss8e@auda.org.au,172.186.109.66,Animation,67.163.241.34/7,Never,10
304,Sallie,sbadwick8f@unesco.org,118.194.12.7,Crime|Drama|Film-Noir|Romance,226.241.153.95/8,Once,4
305,Heath,hbowdrey8g@upenn.edu,43.92.128.185,Crime|Mystery,58.56.203.183/21,Seldom,93
306,Vilma,vdunnet8h@imgur.com,119.230.241.108,Action|Drama|Thriller,9.71.255.203/10,Weekly,58
307,Meggi,mausello8i@xing.com,36.144.24.187,Drama,65.132.245.227/4,Daily,60
308,Eberhard,eiwanczyk8j@cdbaby.com,34.109.133.218,Children|Horror,76.116.137.205/14,Often,100
309,Boy,bmably8k@walmart.com,30.61.51.42,Drama,86.229.125.109/2,Daily,17
310,Mylo,mcowley8l@constantcontact.com,189.115.47.44,Drama,17.83.118.215/2,Monthly,21
311,Edsel,eshutte8m@scribd.com,161.116.168.81,Western,203.13.227.105/11,Once,46
312,Pammie,psetterthwait8n@hc360.com,244.188.167.203,Drama,181.228.236.171/17,Never,6
313,Shandee,sjorez8o@blogtalkradio.com,70.83.0.81,Comedy,220.223.244.197/30,Never,15
314,Ofelia,oromagnosi8p@hatena.ne.jp,203.174.3.183,Fantasy|Horror,49.183.109.64/15,,
315,Harley,harlidge8q@unesco.org,235.48.143.60,Comedy|Documentary,45.194.3.90/20,Yearly,10
316,Madelle,mcrippes8r@bbc.co.uk,15.115.104.175,Drama|Film-Noir,84.208.245.121/5,,
317,Carie,caynsley8s@sogou.com,31.242.179.177,Drama,227.146.235.21/17,Yearly,31
318,Ichabod,idreini8t@slideshare.net,27.212.216.240,Drama,114.167.67.139/21,Monthly,90
319,Winnie,wackerman8u@phoca.cz,79.220.238.41,Comedy|Fantasy,166.234.0.0/29,Yearly,7
320,Jonas,jhallyburton8v@1688.com,47.22.7.147,Horror|Thriller,92.96.132.194/12,Seldom,90
321,Francesco,ftalby8w@soup.io,108.142.217.31,Drama|Film-Noir,61.75.83.28/23,Once,41
322,Tate,tcrocken8x@yellowbook.com,170.42.99.182,Comedy|Drama,234.128.50.191/20,Monthly,71
323,Leonora,lstallon8y@moonfruit.com,219.55.135.87,Crime|Drama,26.122.130.176/21,,
324,Orville,ojenks8z@tiny.cc,167.65.186.152,Drama,167.92.221.217/23,Often,43
325,Dina,donions90@jimdo.com,87.19.49.56,Comedy|Drama,148.52.82.232/29,Once,72
326,Codee,cleabeater91@fastcompany.com,123.217.64.87,Action|Sci-Fi|Thriller,10.164.95.6/10,Seldom,78
327,Cecilio,cvenediktov92@kickstarter.com,158.82.208.251,Documentary,211.35.110.48/4,Often,62
328,Quinn,qpach93@cocolog-nifty.com,243.43.205.197,Drama,153.175.107.17/2,,
329,Saudra,sjaquet94@gov.uk,219.33.29.221,Comedy|Romance,249.105.10.44/4,,
330,Silva,sragg95@trellian.com,160.207.25.188,Drama|Musical,38.137.126.240/16,Never,40
331,Ethel,ecregg96@cocolog-nifty.com,75.106.217.159,Adventure|Comedy|Crime|Romance,161.67.54.148/27,,
332,Lola,lvasser97@instagram.com,110.149.162.215,Drama,95.45.65.228/9,Once,40
333,Cori,cpetronis98@nih.gov,224.82.246.165,Drama,200.102.116.18/4,Once,40
334,Evangelina,eportwain99@globo.com,244.223.225.163,Comedy|Horror|Musical,62.128.235.229/28,Often,88
335,Esta,emalam9a@fema.gov,225.239.58.35,Comedy|Romance,203.164.45.119/16,Monthly,72
336,Randolf,rdanilevich9b@yelp.com,100.154.107.103,Comedy|Drama,101.125.245.23/12,,
337,Kimball,kbanks9c@harvard.edu,43.8.75.11,Adventure|Animation|Children|Musical,200.216.103.74/12,,
338,Chariot,coertzen9d@so-net.ne.jp,106.87.162.19,Drama|Thriller,130.17.5.134/4,,
339,Yurik,yvarnals9e@privacy.gov.au,158.57.117.92,Action|Comedy|Crime|Drama|Thriller,168.93.175.61/15,Once,65
340,Lindy,lstealfox9f@dell.com,228.210.121.53,Drama|Romance|War,78.251.189.71/25,,
341,Iorgo,iditts9g@hhs.gov,214.179.212.245,Children|Drama,53.95.201.62/14,Often,43
342,Ulrike,uellingham9h@redcross.org,233.80.28.173,Comedy,178.137.163.62/15,Daily,42
343,Claudio,ceastabrook9i@sohu.com,60.249.111.162,Documentary,157.126.123.2/13,Once,76
344,Candis,ckohen9j@msn.com,66.53.215.218,Horror,134.172.155.158/25,Often,48
345,Oren,oprobbing9k@springer.com,20.33.48.178,Action|Adventure|Crime,35.161.63.56/23,Once,84
346,Beatrisa,bmasic9l@oracle.com,179.156.86.45,Children|Comedy,26.177.204.16/30,Seldom,84
347,Kaylee,klezemere9m@yahoo.co.jp,9.156.161.66,Documentary|Western,120.76.43.26/31,Weekly,73
348,Bradford,bwhickman9n@biglobe.ne.jp,35.179.133.247,Comedy|Drama,211.231.221.223/2,Yearly,96
349,Nahum,nfirminger9o@shop-pro.jp,89.226.157.34,Animation,68.241.153.139/23,Seldom,66
350,Arvie,ayitzovitz9p@weibo.com,76.6.53.103,Children|Comedy|Horror,22.88.112.62/1,,
351,Kipper,kivanovic9q@fotki.com,221.227.3.137,Comedy|Drama,11.44.5.182/24,Often,37
352,Marilin,mmougin9r@ft.com,15.98.38.140,Comedy,107.33.190.94/30,Often,74
353,Nikolia,ncruz9s@google.co.uk,100.102.98.45,Comedy,9.172.192.146/13,Daily,70
354,Wilone,whannaway9t@engadget.com,75.98.182.178,Documentary|IMAX,161.155.156.236/8,Often,35
355,Carolynn,cvalenta9u@123-reg.co.uk,143.48.76.94,Animation|Children|Comedy,69.47.49.22/7,Often,65
356,Mirabella,mkillingbeck9v@sohu.com,235.109.17.185,Crime|Drama|Film-Noir|Thriller,110.75.104.179/28,Weekly,4
357,Mersey,mchurms9w@ycombinator.com,133.0.1.110,Drama,244.91.99.167/29,Weekly,38
358,Albie,acasley9x@smh.com.au,177.29.247.154,War,16.155.110.50/6,Never,93
359,Sully,scough9y@zdnet.com,53.73.211.55,Horror,36.244.86.183/31,Yearly,67
360,Carlo,cgiovannazzi9z@cornell.edu,31.114.3.79,Comedy|Drama|Romance,111.132.244.56/1,Seldom,68
361,Henderson,hbeautymana0@ox.ac.uk,94.49.62.225,Crime|Drama|Western,118.147.174.157/30,,
362,Chariot,ccurstona1@wordpress.org,18.241.254.125,Action|Drama,217.47.121.183/1,Seldom,60
363,Dominique,dmcgeachiea2@reuters.com,181.189.78.5,Drama|Thriller|War,68.47.118.4/12,Often,15
364,Ree,rpolkinghornea3@fotki.com,49.143.145.206,Drama|Thriller,244.158.18.191/22,Monthly,64
365,Yovonnda,yvedenyapina4@fastcompany.com,199.36.232.57,Comedy,24.84.124.18/13,,
366,Hermy,hbanasevicha5@unicef.org,41.112.30.233,Action|Comedy|Drama,118.138.21.209/6,,
367,Raleigh,rarangya6@nature.com,56.52.218.208,Comedy|Drama|Fantasy,10.13.100.201/8,Often,7
368,Cori,cmelina7@webmd.com,113.20.130.184,Comedy,154.217.224.61/26,Seldom,86
369,Marget,mcorra8@house.gov,145.119.216.254,Children|Comedy,92.222.46.53/20,Weekly,4
370,Freda,fgorvettea9@spotify.com,15.249.50.18,Drama,140.173.2.89/20,Seldom,70
371,Bart,bgawleraa@yolasite.com,88.212.182.249,Comedy|Thriller,58.70.186.210/29,Weekly,38
372,Almeta,amcmanamonab@netscape.com,40.154.212.86,Comedy|Horror,216.187.218.148/15,Often,14
373,Delphine,dernshawac@ehow.com,65.195.72.135,Drama,107.161.184.240/27,Monthly,65
374,Esmeralda,ecornelisad@dropbox.com,98.201.4.71,Crime|Drama,45.103.82.107/5,Monthly,80
375,Sosanna,smeeceae@github.io,225.190.66.89,Documentary|Drama,196.255.63.0/27,Daily,39
376,Sibbie,swhitlawaf@hhs.gov,141.72.55.95,Comedy,224.252.70.188/14,Monthly,1
377,Barbaraanne,bmcdonandag@redcross.org,21.181.102.62,Comedy,89.240.250.220/19,,
378,Dani,dmcphelimeyah@feedburner.com,210.99.97.106,Action|Drama|Fantasy|Sci-Fi,144.65.41.56/3,Daily,59
379,Astrid,awiseai@jalbum.net,6.93.98.39,Documentary,160.252.201.140/21,Weekly,46
380,Mace,mpedroliaj@aboutads.info,118.252.100.235,Horror|Thriller,229.127.87.127/17,Yearly,34
381,Lea,lwhaymanak@ftc.gov,54.119.188.76,Drama,30.157.251.235/31,Once,36
382,Jephthah,junwinsal@nationalgeographic.com,149.65.163.213,Action|Crime|Drama,226.119.163.114/30,Monthly,11
383,Rea,rbaldacchinoam@tamu.edu,195.171.3.48,Comedy,21.65.134.59/3,Seldom,16
384,Janine,jeatonan@msn.com,77.194.206.209,Comedy,126.229.134.97/2,Once,88
385,Guendolen,gpresshaughao@nature.com,60.98.32.95,Drama,53.61.103.235/9,Weekly,6
386,Durante,dgoscarap@twitpic.com,145.51.113.78,Action|Crime|Thriller,121.244.241.124/28,Yearly,72
387,Jackie,jjenynsaq@1und1.de,43.83.246.120,Documentary,111.251.55.158/15,Yearly,13
388,Maxy,mclampinar@topsy.com,15.36.87.99,Crime|Drama|Thriller,241.71.228.59/26,Seldom,52
389,Tadeo,trestieauxas@hibu.com,54.255.76.33,Drama,206.159.246.245/23,Yearly,98
390,Les,lshielat@elpais.com,247.51.9.136,Documentary,63.112.123.160/28,Often,35
391,Lorenza,lkelledyau@parallels.com,17.23.191.185,Action|Adventure|Thriller,221.189.4.158/12,Daily,36
392,Grover,gmcdillav@xinhuanet.com,100.157.185.43,Documentary,168.0.208.91/13,Once,54
393,Tandy,tbougourdaw@smh.com.au,72.90.61.169,Comedy,123.229.132.150/23,Yearly,30
394,Marla,mgellandax@vkontakte.ru,249.205.184.131,Comedy|Crime,113.82.0.217/30,Weekly,38
395,Kellie,kdowtryay@cnet.com,96.114.30.155,Horror|Sci-Fi|Thriller,51.227.54.219/28,Once,30
396,Hewitt,hrannsaz@boston.com,73.52.95.155,Comedy|Drama,251.225.193.177/21,Daily,70
397,Salem,scaineyb0@cocolog-nifty.com,121.243.178.170,Drama|Film-Noir,46.41.204.215/22,Monthly,96
398,Kissee,kchallaceb1@freewebs.com,27.129.214.111,Adventure|Comedy|Fantasy|Romance|IMAX,138.16.16.45/26,Yearly,4
399,Lindsey,lemenyb2@ask.com,181.139.200.91,Comedy|Drama|Romance,149.214.106.219/8,Daily,74
400,Gal,ghadfieldb3@taobao.com,157.127.70.86,Mystery|Thriller,109.223.236.88/10,Daily,31
401,Mandie,mpaintenb4@storify.com,110.33.218.172,Comedy|Drama|Musical|Romance,34.138.15.93/6,Once,22
402,Lester,lwerrilowb5@usda.gov,244.248.213.108,Drama,93.156.83.124/21,Weekly,13
403,Missy,mdrinkhallb6@dailymail.co.uk,211.79.39.31,Drama|War,109.4.139.165/15,Never,29
404,Maurise,mholtumb7@about.me,232.139.206.168,Comedy|Horror|Sci-Fi,126.127.197.148/31,Never,76
405,Sayres,sbingellb8@canalblog.com,249.34.164.146,Thriller,89.203.52.202/17,Once,72
406,Mireille,mschruyersb9@reference.com,77.254.91.197,Drama,161.32.88.244/11,Monthly,67
407,Arel,aknellenba@skyrock.com,243.29.198.129,Comedy,90.10.171.104/15,,
408,Shaughn,sdodmanbb@guardian.co.uk,66.118.212.90,Musical|Romance,188.176.186.25/5,,
409,Osbourne,obrimhambc@yolasite.com,167.155.102.42,Comedy,155.168.82.65/1,Seldom,83
410,Amye,aparkerbd@tripadvisor.com,193.127.25.144,Drama,160.17.146.173/16,Once,51
411,Lucilia,lfitzgibbonbe@ucoz.com,178.28.182.37,Comedy|Drama|Romance,34.83.30.131/8,Daily,84
412,Culver,ckemetzbf@mac.com,115.239.1.210,Drama,103.224.54.37/25,Monthly,65
413,Ly,liacomibg@deviantart.com,191.144.66.229,Comedy,21.130.192.205/10,Daily,44
414,Rochester,rdallawaybh@51.la,241.226.170.211,Action|Horror|Sci-Fi,238.167.127.37/24,Yearly,56
415,Alaster,awhittingtonbi@simplemachines.org,191.89.238.68,Comedy|Drama,155.127.65.162/18,Seldom,81
416,Jayne,jseamenbj@bing.com,213.219.225.49,Action|Drama|War,16.118.31.78/26,Daily,60
417,Regan,rsturgebk@canalblog.com,142.12.5.253,Thriller,214.237.103.77/1,Once,84
418,Wallace,wbentonbl@surveymonkey.com,25.74.244.171,Horror,124.198.132.254/4,Weekly,25
419,Elnora,edarvillebm@cbsnews.com,101.218.247.228,Action|Adventure,110.146.71.29/17,Seldom,100
420,Damara,dislandbn@t-online.de,7.52.41.237,Drama,101.179.185.48/31,Seldom,58
421,Evelina,echeesworthbo@wordpress.com,114.153.30.116,Comedy|Drama|Romance,126.248.59.141/8,,
422,Seth,sbattershallbp@networksolutions.com,90.89.237.58,Drama,201.157.160.43/17,Daily,87
423,Goran,gdunniombq@networkadvertising.org,40.210.57.170,Drama|War,27.131.63.192/10,,
424,Moises,mdietmarbr@merriam-webster.com,158.114.161.198,Action|Animation|Fantasy,144.96.104.190/29,Never,87
425,Gerick,gadneybs@meetup.com,10.103.92.89,Horror|Thriller,187.147.248.83/24,Often,27
426,Vergil,vhubatschbt@exblog.jp,34.54.171.97,Documentary,171.141.164.171/26,Yearly,98
427,Tressa,trollinshawbu@amazon.de,240.255.37.162,Western,132.186.7.213/19,Never,11
428,Tally,tkebbellbv@tinypic.com,90.46.4.134,Comedy,237.71.108.123/25,Yearly,3
429,Maurits,mpenhalurickbw@multiply.com,59.64.211.224,Comedy|Drama,95.175.180.234/8,Weekly,15
430,Caryl,cscrivinorbx@wired.com,141.99.68.39,Comedy|Horror|Thriller,202.215.236.106/8,Never,80
431,Dion,dglynby@columbia.edu,194.152.43.82,Crime|Drama|Thriller,140.207.252.177/2,Yearly,96
432,Carlie,ckellarbz@cyberchimps.com,177.76.148.68,Children|Comedy|Crime|Drama,111.178.29.102/22,Weekly,55
433,Husain,hcrawshawc0@ifeng.com,102.107.46.140,Documentary,254.3.184.232/3,Yearly,50
434,Butch,blujanc1@prlog.org,73.246.113.0,Romance,196.134.212.72/21,Weekly,95
435,Verine,vnellc2@1688.com,211.34.141.197,Comedy,164.222.121.17/17,,
436,Willa,wruhbenc3@hud.gov,36.192.123.18,Documentary,121.108.96.85/4,Monthly,34
437,Janka,jboggasc4@webnode.com,226.206.157.84,Documentary,14.177.55.254/21,,
438,Cinda,cbarrasc5@google.cn,0.211.204.74,Animation|Children|Drama|Musical,125.254.99.71/30,Yearly,54
439,Therese,tmarlc6@chicagotribune.com,92.182.142.136,Mystery|Thriller,97.68.175.219/9,Weekly,33
440,Keriann,kmulheronc7@google.nl,212.49.209.79,Action,204.102.63.151/28,Once,10
441,Julianna,jwudelandc8@etsy.com,221.52.0.187,Animation|Children|Musical,126.89.7.70/11,Yearly,3
442,Worth,wbarringtonc9@telegraph.co.uk,199.86.75.8,Comedy|Romance,192.31.247.155/23,Monthly,70
443,Christophe,cpringuerca@gov.uk,174.174.170.111,Crime|Drama|Mystery,121.127.96.211/21,Once,51
444,Rob,rmewecb@mit.edu,161.53.61.184,Children|Comedy|Musical,18.116.135.48/12,Never,17
445,Desi,dbumpascc@netlog.com,116.51.242.36,Drama,131.14.207.71/27,Seldom,49
446,Luigi,ldemseycd@phoca.cz,56.65.121.49,Thriller,202.232.5.54/14,Yearly,27
447,Currey,cwindaybankce@mozilla.com,208.255.91.95,Comedy|Horror|Musical|Mystery|Romance,253.253.179.192/19,Seldom,24
448,Riley,rgabrielcf@microsoft.com,235.254.7.74,Comedy|Crime|Horror,209.52.1.220/4,Monthly,42
449,Johnny,jmattockscg@theatlantic.com,147.206.13.101,Comedy|Drama|Romance,85.24.30.224/28,Weekly,70
450,Cristiano,cyearnech@businesswire.com,171.3.251.248,Drama,182.185.156.112/26,Once,76
451,Devan,djacmardci@nydailynews.com,126.123.155.189,Drama|Romance,56.206.151.37/31,Never,66
452,Carilyn,clecontecj@google.ru,89.92.142.128,Comedy,70.3.29.133/3,Daily,26
453,Padraig,pcurzonck@foxnews.com,53.117.227.63,Horror|Mystery|Thriller,236.10.244.86/13,Never,10
454,Riordan,rcorneycl@amazon.co.uk,204.120.154.183,Comedy|Sci-Fi,4.227.128.194/30,Monthly,36
455,Bebe,bmenguycm@howstuffworks.com,188.84.7.132,Comedy,129.208.156.225/7,Daily,50
456,Rosalia,rtollidaycn@whitehouse.gov,50.83.176.122,Crime,187.224.71.216/6,Weekly,65
457,Mureil,mbygraveco@mlb.com,255.127.200.238,Romance,235.35.254.62/18,Monthly,12
458,Alistair,ahallincp@acquirethisname.com,7.187.238.241,Musical,132.180.252.102/31,Once,30
459,Gilemette,gvedyaevcq@ifeng.com,68.104.101.238,Drama|Musical|Romance,240.98.154.137/12,Often,32
460,Cristian,ccharrettecr@imgur.com,5.132.16.236,Drama,235.110.102.247/26,Never,37
461,Beverley,bdawidcs@rediff.com,172.184.40.6,Comedy,80.141.114.96/18,Often,59
462,Stephannie,sevansonct@bbc.co.uk,191.59.109.237,Comedy,16.198.209.79/30,Seldom,6
463,Daisie,dcooleycu@timesonline.co.uk,241.185.147.161,Documentary|Drama|War,84.251.14.72/31,Daily,51
464,Munmro,masalscv@adobe.com,19.35.25.82,Comedy|Musical|Romance,67.133.10.140/4,Weekly,70
465,Ardine,abernaldezcw@dropbox.com,10.132.251.83,Animation|Drama|War,218.89.61.66/10,Seldom,37
466,Nady,nledleycx@acquirethisname.com,0.70.136.131,Horror,246.70.158.156/12,Seldom,47
467,Vernor,vansteyscy@issuu.com,38.11.216.98,Action|Adventure|Drama|Thriller,127.72.142.135/22,Daily,83
468,Claresta,cpinckedcz@china.com.cn,141.38.226.41,Comedy|Drama|Romance,61.101.68.8/25,Once,59
469,Gale,grapind0@apple.com,94.131.49.196,Comedy,126.226.67.139/30,Seldom,84
470,Vidovik,veilhertsend1@unesco.org,53.177.0.140,Drama,85.159.20.198/13,Monthly,42
471,Alfi,akarlowiczd2@slashdot.org,52.183.235.176,Fantasy|Horror|Thriller,60.134.190.122/31,Yearly,84
472,Astra,abrydied3@mayoclinic.com,153.113.236.20,Horror|Thriller,156.178.181.13/27,Seldom,55
473,Modestine,maleevyd4@weather.com,123.89.40.195,Drama,71.56.1.134/14,Yearly,47
474,Kriste,ksoaresd5@dailymotion.com,181.0.107.135,Drama,131.82.34.184/28,Monthly,74
475,Tanny,tmusickad6@amazon.co.jp,128.161.157.220,Drama|Romance,12.101.150.76/24,Often,48
476,Ketti,kcastelloned7@yahoo.com,115.220.9.62,Documentary,79.112.1.166/23,Weekly,98
477,Petunia,pgaild8@1688.com,169.15.225.213,Action,111.215.201.119/25,Often,10
478,Trula,toverd9@reference.com,109.225.144.183,Drama,254.86.15.126/20,Yearly,96
479,Juliane,jduffettda@qq.com,217.204.152.60,Comedy,243.6.12.24/4,,
480,Daryle,dkaysordb@baidu.com,178.240.241.243,Drama|Mystery|Thriller,204.84.2.1/23,Often,1
481,Therine,tslightdc@behance.net,25.85.100.176,Comedy|Crime,121.116.218.86/19,Often,92
482,Sampson,sskilldd@ihg.com,131.161.145.180,Drama,89.229.173.254/14,Daily,12
483,Micheal,mconyersde@clickbank.net,255.102.48.239,Documentary,83.168.23.218/27,,
484,Parry,ppedlowdf@slate.com,178.244.119.26,Adventure|Comedy|Fantasy,147.250.120.41/27,Monthly,68
485,Joachim,jcescodg@paypal.com,150.69.67.147,Comedy|Musical|Romance,170.7.233.248/8,Daily,40
486,Tabbie,tyurchishindh@yelp.com,194.7.199.248,Drama|Musical,132.73.215.139/12,Weekly,84
487,Sibbie,ssegebrechtdi@cbslocal.com,23.212.150.30,Adventure|Romance,131.8.143.243/17,Never,71
488,Gordy,grosengartendj@delicious.com,143.17.147.48,Crime|Drama|Thriller,46.224.45.243/13,Weekly,3
489,Hugibert,hdeppendk@live.com,105.136.48.81,Drama|Thriller,194.197.4.227/5,Monthly,86
490,Fleming,fhammermandl@apache.org,235.187.200.88,Sci-Fi|Thriller,147.204.221.43/24,Seldom,60
491,Stanfield,stwoohydm@mediafire.com,150.177.236.164,Film-Noir|Horror|Thriller,190.134.59.234/2,Once,60
492,Loraine,llattydn@shop-pro.jp,106.189.76.116,Adventure|Children,207.205.161.246/5,Often,12
493,Hilary,hlhommeaudo@symantec.com,177.220.124.79,Drama,223.215.207.67/30,Once,98
494,Thomasine,trudigerdp@nasa.gov,75.215.78.219,Drama|Thriller,239.229.170.208/23,Once,45
495,Dougy,dsteutlydq@lycos.com,95.163.27.158,Comedy|Drama,110.102.100.84/24,Monthly,75
496,Missie,mwemyssdr@last.fm,17.126.163.148,Drama|Romance|War,20.172.33.58/17,Never,72
497,Bartholomeo,btrankds@ezinearticles.com,218.222.22.22,Action|Crime|Drama,157.118.108.234/14,Once,84
498,Jane,jsmalleydt@elegantthemes.com,214.222.156.150,Comedy|Drama|Romance,137.51.77.53/5,Never,10
499,Annetta,aserjentdu@google.com.au,22.198.25.103,Comedy|Drama|Romance,17.97.164.224/1,Monthly,70
500,Reina,rhadigatedv@mysql.com,18.23.165.217,(no genres listed),33.197.26.180/28,Once,68
501,Quint,qantoshindw@godaddy.com,13.194.167.219,Drama,197.235.73.244/5,Once,82
502,Teodor,tpaolettidx@behance.net,231.79.14.86,Documentary,22.150.63.82/12,Often,60
503,Sebastian,sduddelldy@archive.org,4.23.204.53,Horror|Thriller,21.104.46.72/10,Often,58
504,Andrey,asoffdz@nhs.uk,121.192.230.87,Action|Mystery|Thriller,156.249.82.2/3,Often,27
505,Holli,hblaxleye0@yale.edu,134.81.141.125,Action|Animation,247.136.101.204/22,,
506,Lennard,ltremblete1@slashdot.org,68.122.155.10,Crime|Drama,131.10.117.159/9,,
507,Jamie,jduckerine2@is.gd,160.15.251.97,Drama,99.238.234.137/18,Often,44
508,Olympie,ocoulbecke3@bloglines.com,242.255.80.45,Thriller,73.205.167.3/26,,
509,Raynell,rthodye4@upenn.edu,23.160.10.173,Drama|Thriller,141.253.43.61/8,Monthly,69
510,Nealon,nmogge5@github.io,60.85.166.143,Documentary,237.125.216.125/2,Weekly,100
511,Nathanil,nglandone6@ed.gov,5.52.225.148,Comedy|Western,188.176.123.96/23,Often,3
512,Haroun,hmosedille7@github.com,122.50.83.225,Comedy|Musical|Romance,90.88.20.63/1,Monthly,97
513,Vito,voxtibye8@pen.io,153.43.10.77,Drama|Sci-Fi,2.156.44.64/19,,
514,Natividad,ncawthorne9@nature.com,85.24.131.225,Comedy|Drama,208.209.55.80/5,,
515,Arabela,aorringeea@purevolume.com,227.122.80.229,Action|Drama|War,106.236.133.169/19,Monthly,27
516,Cari,cjudkineb@usatoday.com,29.71.18.222,Comedy|Sci-Fi,121.241.161.226/31,Weekly,12
517,Bethany,bdungeyec@merriam-webster.com,53.116.104.180,Comedy|Romance,78.1.207.106/27,Weekly,94
518,Jobyna,jbruteed@unicef.org,156.132.127.184,Drama|Thriller,247.157.65.225/26,,
519,Wyatan,wsemensee@addtoany.com,125.36.30.215,Comedy|Drama|Romance,175.136.112.134/4,Often,59
520,Faunie,fkerwickef@addthis.com,230.195.156.27,Drama,44.53.50.54/14,Once,81
521,Quinn,qbrahmseg@parallels.com,240.210.23.148,Adventure,142.139.72.4/25,Never,39
522,Gerek,gandreueh@ted.com,78.46.6.150,Horror,188.126.216.91/5,Weekly,33
523,Salim,sconigsbyei@studiopress.com,152.145.246.36,Comedy|Musical|Romance,77.219.166.223/9,Daily,38
524,Ciel,cruoffej@apache.org,103.160.28.173,Crime|Documentary,52.30.181.79/13,Seldom,26
525,Kenon,kilemek@fda.gov,191.21.97.42,Animation|Fantasy|Mystery,221.201.143.151/1,Yearly,26
526,Caroljean,cmcdermidel@sourceforge.net,53.9.187.150,Action,163.244.168.122/25,Yearly,84
527,Simone,sfechnieem@google.nl,197.84.80.168,Drama|Mystery|Sci-Fi|Thriller,226.78.217.107/3,Never,6
528,Arlene,achillingsworthen@noaa.gov,200.191.150.1,Crime|Drama|Film-Noir,71.132.252.186/27,Never,16
529,Peyter,pfurloweo@go.com,44.219.207.241,Action|Drama|Thriller,1.242.181.99/14,Yearly,10
530,Marco,mantonignettiep@goo.gl,32.76.210.227,Drama,100.92.74.150/11,Daily,23
531,Lothario,lmatteseq@ca.gov,239.161.226.118,Musical,0.95.89.205/2,Often,40
532,Alejandra,atwomeyer@weebly.com,4.229.194.50,(no genres listed),159.173.99.215/8,,
533,Cymbre,csimonyes@yelp.com,68.187.24.3,Comedy|Drama,161.249.108.165/3,Often,76
534,Jada,jmacskeaganet@mashable.com,39.187.1.7,Comedy,126.184.193.239/16,Seldom,35
535,Malinde,mtejeroeu@e-recht24.de,139.205.80.106,Documentary,158.17.33.204/23,Seldom,28
536,Alyda,apretselev@ning.com,206.57.10.44,Thriller,220.23.162.26/29,,
537,Adrian,anevisonew@census.gov,50.36.30.157,Comedy,37.104.62.129/20,,
538,Hirsch,hpicklesex@eepurl.com,134.156.109.157,Crime|Drama,181.140.54.136/20,Seldom,23
539,Eolanda,echiechioey@gravatar.com,154.242.236.68,Adventure|Comedy|Fantasy,93.115.242.14/21,Seldom,38
540,Nehemiah,nlostyez@1und1.de,103.239.191.168,Comedy,209.106.63.56/18,Monthly,95
541,Shirlene,sforcadef0@plala.or.jp,86.87.178.227,Drama|Thriller,77.187.5.200/26,Monthly,23
542,Tommie,trodingerf1@free.fr,77.7.84.105,Comedy|Crime,208.191.74.179/11,Weekly,50
543,Reinold,rbodycombef2@cnet.com,164.144.177.66,Comedy|Fantasy|Mystery,157.143.84.47/13,Often,60
544,York,ykirkef3@umich.edu,1.195.208.91,Comedy|Drama|Fantasy|Mystery,246.139.98.249/2,Once,64
545,Boot,brallinshawf4@nature.com,160.245.188.69,Animation|Comedy,202.136.47.102/13,Never,28
546,Nancee,nchermf5@hud.gov,244.211.192.106,Crime|Drama,159.211.69.0/5,Daily,88
547,Raimundo,rmerrywetherf6@cocolog-nifty.com,152.156.194.232,Drama,223.210.105.126/31,Yearly,74
548,Darbie,dducketf7@telegraph.co.uk,146.16.24.228,Comedy|Romance,144.225.95.51/5,,
549,Willy,wdafyddf8@elpais.com,146.72.58.63,Action|Adventure|Drama|Thriller|IMAX,134.223.190.50/3,Once,45
550,Sheff,sgaskerf9@shop-pro.jp,49.177.174.171,Documentary,203.104.96.46/28,Monthly,45
551,Giacomo,gmaclarenfa@merriam-webster.com,98.73.73.20,Drama|Romance,51.239.167.165/26,,
552,Lanie,lbascombfb@dailymotion.com,235.152.120.6,Comedy|Horror,89.51.147.217/8,Monthly,58
553,Lani,lphilippardfc@paginegialle.it,172.69.29.231,Thriller,6.30.30.168/16,Often,7
554,Ame,ahaslinfd@hostgator.com,144.65.42.157,Action|Sci-Fi|IMAX,31.245.135.183/13,Daily,77
555,Noella,ntalbyfe@hugedomains.com,22.113.109.216,Drama|Film-Noir,85.255.186.250/25,,
556,Brander,bluffmanff@163.com,237.7.67.144,Drama|Horror|Thriller,93.242.91.111/11,Once,33
557,Odelinda,orosenstengelfg@patch.com,253.160.67.237,Comedy,32.53.48.178/12,Never,98
558,Shirlee,sgatfieldfh@weibo.com,187.97.218.242,Drama,48.51.7.54/21,Once,43
559,Adamo,ajakubovitchfi@oracle.com,163.201.139.112,Adventure|Animation|Children|Comedy,131.172.103.157/14,,
560,Brunhilda,boadesfj@theguardian.com,185.254.181.211,Drama|War,209.116.174.47/17,Yearly,76
561,Pauline,psporesfk@nps.gov,6.242.146.77,Comedy|Romance,96.139.229.64/8,,
562,Linzy,lsevierfl@rediff.com,165.188.42.230,Comedy|Mystery,15.162.105.1/11,Weekly,63
563,Herbert,hbladesmithfm@huffingtonpost.com,88.100.248.110,Horror,129.25.242.157/26,Seldom,37
564,Anallese,acowelyfn@irs.gov,235.180.201.66,Drama|Fantasy|Mystery|Thriller,112.70.187.194/16,Often,60
565,Filmer,fshiellfo@wunderground.com,182.197.154.67,Children|Comedy,44.230.38.146/14,Weekly,65
566,Bourke,blampertifp@nsw.gov.au,98.174.68.66,Drama,58.110.71.51/24,Yearly,65
567,Merrily,mduffinfq@biblegateway.com,36.116.28.177,Drama|IMAX,97.55.193.241/12,,
568,Kora,klanehamfr@quantcast.com,162.181.213.253,Action|Comedy|Horror|Sci-Fi,50.19.28.61/4,Weekly,29
569,Tome,twhiscardfs@blogspot.com,26.48.132.151,Comedy,212.10.237.224/27,Often,68
570,Gideon,gcrossmanft@nature.com,129.158.94.147,Drama,188.132.15.33/24,Monthly,85
571,Madelle,mcolbertfu@infoseek.co.jp,119.69.252.61,Action|Drama,30.135.69.133/12,Never,47
572,Tess,tmcgonnellfv@example.com,232.117.210.124,Drama|Romance,48.142.242.134/18,Once,63
573,Noni,nblackbornfw@printfriendly.com,11.11.160.82,Comedy|Drama|Romance,76.133.144.108/8,Weekly,82
574,Langsdon,ltripefx@elegantthemes.com,41.76.154.14,Drama,70.217.194.66/24,Monthly,32
575,Bab,btuerenafy@smh.com.au,178.60.217.94,Children|Comedy,20.114.26.171/26,,
576,Abra,afussiefz@youku.com,7.233.83.164,Drama|Horror|Mystery|Thriller|War,35.173.10.74/17,Daily,60
577,Morna,myesipovg0@discovery.com,149.174.242.27,Action|Fantasy|Horror,157.87.72.220/7,,
578,Jamill,jedwinsg1@dell.com,171.153.235.39,Children|Drama,17.149.93.196/24,Yearly,92
579,Reese,raffrong2@discuz.net,210.168.129.251,Animation|Drama|Romance,255.8.126.13/9,,
580,Wilow,wsturdgessg3@fc2.com,66.146.159.172,Drama,1.19.133.72/30,Daily,39
581,Selena,srojg4@weibo.com,61.176.235.113,Comedy|Drama|Romance,9.82.49.53/16,Often,60
582,Merle,mbatteng5@trellian.com,198.51.195.150,Drama|Thriller,6.26.220.83/27,Weekly,86
583,Greta,gjanewg6@yahoo.co.jp,44.92.132.24,Drama|War,127.127.185.87/28,Once,25
584,Aurlie,asykesg7@acquirethisname.com,66.240.149.185,Thriller,252.148.230.72/15,Weekly,19
585,Giraud,ghammelbergg8@slideshare.net,87.185.123.169,Thriller,108.248.56.58/22,Often,86
586,Paola,ppinnockg9@mayoclinic.com,108.90.129.157,Crime|Drama|Thriller,141.218.212.252/19,Once,23
587,Ardys,amaricga@ehow.com,253.149.126.160,Comedy|Drama,176.255.229.13/31,Once,18
588,Geri,gsargegb@jimdo.com,126.137.243.118,Animation|Drama|War,251.249.48.171/20,Never,7
589,Ashlin,allewellengc@themeforest.net,196.210.33.5,Animation|Children|Fantasy|Musical,31.178.169.132/23,Weekly,79
590,Tracy,tjicklesgd@arstechnica.com,241.201.44.197,Crime|Thriller,78.213.14.84/2,Often,43
591,Zita,zesomege@ucsd.edu,171.49.233.131,Horror|Mystery|Thriller,202.96.158.130/28,Often,19
592,Binky,btomneygf@boston.com,206.121.155.160,Drama|Thriller,187.127.18.56/3,Seldom,52
593,Anna-diana,avancasselgg@icq.com,85.208.45.74,Action|Drama|Romance,62.16.215.121/6,Seldom,87
594,Gustav,grobersgh@uol.com.br,188.191.53.115,Comedy,101.94.17.110/26,,
595,Burnaby,bwaisongi@mit.edu,156.110.22.181,Drama|Thriller,118.190.218.120/11,Monthly,68
596,Koral,kmcmanamangj@economist.com,88.94.173.231,Action|Comedy|Drama,209.160.130.134/28,Monthly,78
597,Shay,sauburygk@nsw.gov.au,108.30.92.143,Action|Drama|Thriller,230.104.169.250/15,,
598,Daron,dfrancecionegl@wp.com,160.168.57.115,Documentary,32.135.153.29/21,Daily,27
599,Efrem,ecappelgm@nytimes.com,216.100.232.31,Action|Crime|Drama,61.17.242.220/21,,
600,Crissie,cgodspedegn@networkadvertising.org,79.33.255.3,Documentary,29.99.209.214/3,,
601,Keelby,kmogrago@weather.com,174.100.0.44,Thriller,125.151.55.37/12,,
602,Jerrie,jizakofgp@posterous.com,222.255.101.205,Drama,33.44.39.49/12,Monthly,96
603,Pansie,pseniorgq@howstuffworks.com,29.250.182.130,Drama,36.211.232.108/29,Often,81
604,Elita,ebrockmangr@accuweather.com,94.204.15.191,Action|Comedy,252.62.1.137/24,Seldom,40
605,Amity,aswidenbankgs@gizmodo.com,151.190.63.136,Comedy,87.139.218.133/30,,
606,Lennie,lmonksgt@utexas.edu,58.138.197.155,(no genres listed),158.60.94.70/28,Yearly,86
607,Eb,etreversgu@flickr.com,120.211.13.188,Drama,102.22.188.191/16,Often,9
608,Aurelie,aperogv@plala.or.jp,199.179.19.55,Animation|Drama|War,155.204.196.119/31,Often,83
609,Colette,cbeausanggw@java.com,162.39.64.115,Documentary,47.11.34.81/14,Yearly,66
610,Clevie,ccaesargx@illinois.edu,165.65.190.122,Comedy|Drama,111.167.243.147/15,Once,36
611,Jaymee,jgennygy@topsy.com,89.181.234.173,Drama|Mystery,190.135.246.64/28,Never,98
612,Dorey,dhoovartgz@columbia.edu,57.245.195.212,Comedy|Fantasy,87.56.158.42/15,Once,82
613,Bear,btudgayh0@about.me,164.11.16.40,Comedy,124.31.37.23/20,Often,28
614,Gisele,gsterrickh1@bbb.org,48.217.221.151,Comedy|Drama,150.21.69.49/18,Never,8
615,Leelah,ltrattonh2@shareasale.com,129.181.146.22,Western,97.72.81.241/28,Never,81
616,Marissa,mmcmurrughh3@usnews.com,223.227.240.121,Drama|Romance,22.207.129.11/13,Weekly,83
617,Merrick,mgianullih4@reverbnation.com,229.108.91.55,Crime|Drama|Thriller,165.188.130.3/29,Once,28
618,Erminia,eabramamovhh5@istockphoto.com,60.240.12.214,Comedy|Drama|Horror,210.209.41.211/10,Daily,91
619,Otto,omcconigalh6@issuu.com,218.127.233.158,Sci-Fi,145.236.5.91/5,Monthly,92
620,Madeleine,mlarbyh7@pinterest.com,18.201.137.115,Drama,103.242.15.17/13,Yearly,96
621,Elli,ejakolevitchh8@buzzfeed.com,162.122.171.182,Drama,61.58.19.54/11,Never,41
622,Julius,jmullinsh9@live.com,64.139.61.163,Drama,54.44.188.28/10,Once,41
623,Martguerita,mmcgrortyha@deviantart.com,125.243.249.173,Documentary,236.186.106.130/17,Often,99
624,Dillie,dickovitshb@dedecms.com,201.168.187.148,Comedy,154.93.52.108/11,Never,33
625,Yuma,yblaycockhc@auda.org.au,169.117.27.63,Animation|Fantasy,184.35.62.152/11,,
626,Letisha,lyeliashevhd@gov.uk,82.248.16.50,Comedy|Romance,80.96.191.77/2,Never,22
627,Katusha,ktrevethanhe@ebay.com,108.232.140.60,Drama,144.12.93.116/8,Often,73
628,Onofredo,ocrucittihf@jigsy.com,115.72.8.217,Comedy|Drama|Romance,38.80.160.89/7,Yearly,24
629,Northrup,ncooksonhg@unblog.fr,45.200.102.23,Comedy|Romance,121.106.179.176/3,Seldom,8
630,Isabelita,ilurrimanhh@bing.com,23.105.99.46,Drama,76.230.206.154/5,Daily,2
631,Elna,efrederickhi@theguardian.com,58.75.222.57,Comedy,5.230.94.95/27,Seldom,45
632,Darren,danteckihj@umich.edu,206.164.150.124,Comedy,76.152.188.137/19,Weekly,56
633,Abba,ateggarthk@smh.com.au,179.176.36.233,Comedy,15.77.48.225/24,Weekly,73
634,Ofella,omclaehl@livejournal.com,140.83.215.20,Action,188.162.207.122/23,,
635,Lucien,lbuckthoughthm@yahoo.co.jp,126.244.171.60,Action|Comedy|Crime|Thriller,251.194.167.214/3,Never,2
636,Man,mpaulillohn@shutterfly.com,72.86.202.178,Drama|Thriller,141.248.80.102/4,Once,85
637,Henrieta,haleksankinho@usa.gov,203.89.156.139,Comedy|Romance,46.148.128.98/31,,
638,Pamelina,pcoshhp@goo.gl,168.110.141.37,Drama|Romance,45.200.132.172/10,Never,38
639,Stormi,shannabusshq@smugmug.com,93.192.253.34,Adventure|Animation|Comedy|Sci-Fi,86.224.67.137/24,Weekly,50
640,Andrus,amurricaneshr@ycombinator.com,112.209.110.129,Drama,82.169.205.14/29,Weekly,76
641,Teodorico,tjoanaudhs@marketwatch.com,198.1.9.173,Drama,116.218.192.97/16,Never,51
642,Kamillah,kolifauntht@mayoclinic.com,217.70.54.64,Documentary,37.196.181.182/4,Once,93
643,Cleveland,cleprovesthu@goo.ne.jp,87.8.244.39,Comedy,134.237.21.11/13,Never,56
644,Steffie,sboicehv@miibeian.gov.cn,6.110.48.138,Documentary|Drama,53.121.45.174/28,,
645,Marie,mrojelhw@yolasite.com,205.215.24.196,Drama|Romance,174.75.84.115/18,Yearly,24
646,Junette,jkettlestringhx@japanpost.jp,5.214.91.236,Drama|Thriller,133.145.221.210/4,Often,86
647,Suzanne,sfelminghamhy@rediff.com,71.81.123.191,Crime|Drama|Thriller,0.210.89.60/14,Once,91
648,Catie,cstakerhz@cornell.edu,221.248.0.29,Action|Animation|Comedy,184.241.83.101/20,Daily,32
649,Mercedes,mvanaccii0@theglobeandmail.com,179.243.238.179,Comedy|Drama|Romance,156.193.212.131/31,Once,82
650,Phylis,pinnmani1@google.de,167.107.142.2,Comedy|Drama,201.111.206.4/21,Never,85
651,Lock,lgodspedei2@ca.gov,91.64.112.73,Drama,29.17.169.254/10,Once,81
652,Ketty,keckersalli3@ucla.edu,21.7.246.232,Adventure|Animation|Children|Fantasy|Mystery|Sci-Fi,137.233.206.67/21,Never,74
653,Marrissa,mmcgaugheyi4@columbia.edu,63.177.214.161,Action|Horror|Thriller,72.110.129.237/27,Never,12
654,Duke,dgaukrodgei5@friendfeed.com,93.16.205.19,Comedy|Musical,159.239.230.31/4,Yearly,82
655,Niki,nperellii6@mapy.cz,183.117.187.164,Action|Thriller,170.158.51.115/17,Once,48
656,Esther,ejansensi7@ezinearticles.com,78.21.233.25,Drama|War,28.189.92.67/23,Yearly,87
657,Reine,randrzejowskii8@icq.com,111.192.135.180,Drama,135.177.133.242/13,Yearly,35
658,Marcelo,mcammelli9@baidu.com,19.167.37.155,Comedy,115.230.138.35/3,Often,87
659,Jayne,jgeeveia@mozilla.org,243.108.149.151,Comedy|Romance,136.206.2.211/24,Once,12
660,Charlean,cevettib@blogger.com,0.1.40.0,Action|Adventure,28.90.175.254/31,Once,19
661,Oneida,oconnahic@deliciousdays.com,240.196.236.160,Comedy,134.37.233.6/8,Never,50
662,Rudolph,rlittlefairid@oaic.gov.au,92.103.21.55,Drama|Fantasy|Sci-Fi,104.216.31.47/28,Yearly,10
663,Brandi,bdarcyie@reddit.com,182.83.140.115,Comedy|Drama|Musical|Romance,166.218.101.159/19,Monthly,43
664,Ahmed,aangusif@nps.gov,181.188.78.144,Crime|Drama|Sci-Fi|Thriller,247.60.14.207/18,Once,12
665,Bernardine,btumilsonig@who.int,42.113.141.32,Drama,18.61.147.103/7,Seldom,87
666,Baird,bpresnallih@macromedia.com,8.32.114.201,Comedy,78.252.70.151/20,Once,73
667,Duke,dcalvieii@marriott.com,160.44.229.20,Documentary,231.186.207.54/22,,
668,Jard,jkennsleyij@redcross.org,243.199.88.241,Musical|Romance|War,177.249.217.198/10,Monthly,28
669,Julius,jrhodefik@toplist.cz,93.99.124.229,Drama,149.192.215.241/6,Seldom,21
670,Giustina,ggamageil@squidoo.com,138.182.171.44,Comedy|Crime|Drama|Western,142.231.217.102/13,Never,9
671,Creight,cveartim@marriott.com,184.167.149.75,Drama,67.34.45.138/8,Often,63
672,Douglass,dfransemaiin@usa.gov,154.77.29.233,Animation|Children|Fantasy|Mystery,217.2.121.213/6,Daily,100
673,Kaylil,kbartloszio@homestead.com,244.240.48.16,Drama|Musical,78.127.127.156/16,Never,38
674,Holt,hparvinip@house.gov,222.75.247.247,Drama,159.248.70.204/6,Yearly,72
675,Julie,jbellayiq@nydailynews.com,142.94.174.108,Documentary,21.100.92.49/7,,
676,Darby,dwaterhouseir@ebay.co.uk,229.156.157.192,Comedy|Horror,241.217.42.72/3,Once,82
677,Michaella,myoxenis@auda.org.au,12.3.211.248,Drama|Horror|Thriller,246.204.90.67/9,Weekly,37
678,Clive,cclagueit@tamu.edu,80.211.38.52,Adventure|Documentary,141.57.95.100/26,Often,69
679,Orren,opearcyiu@webs.com,116.156.115.105,Action|Mystery,112.243.170.178/5,Seldom,78
680,Patrizius,prosenbergeriv@latimes.com,24.25.92.0,Drama,3.214.160.128/20,Once,56
681,Layney,lrevieiw@goo.gl,172.154.170.74,Comedy,80.102.216.233/24,Monthly,94
682,Raddy,rchartersix@telegraph.co.uk,209.144.60.30,Crime|Mystery|Romance,70.117.135.238/25,Yearly,59
683,Boycie,bcawsoniy@dailymotion.com,194.213.229.108,Action|War,200.237.89.86/23,Weekly,65
684,Ingeberg,imeesiz@gizmodo.com,50.220.201.100,Action|Fantasy|Thriller,119.28.212.97/17,Seldom,66
685,Waite,wclawsonj0@house.gov,59.133.167.163,Drama|Romance,212.73.174.205/1,Once,34
686,Angele,afillerj1@51.la,85.185.51.134,Horror,232.44.248.42/24,,
687,Grier,gwoehlerj2@oracle.com,194.154.229.216,Drama,138.90.40.204/16,Once,69
688,Sisile,smackilroej3@nih.gov,118.235.62.126,Drama,185.13.218.58/29,Yearly,86
689,Katuscha,kballefantj4@feedburner.com,238.106.94.109,Comedy|Musical|Romance,203.109.154.148/4,Weekly,7
690,Deeann,dcheelj5@nationalgeographic.com,97.193.77.238,Action|Drama,229.221.25.171/24,Often,31
691,Inga,istandenj6@ucoz.com,70.0.217.34,Drama|Romance,210.6.103.61/11,Once,36
692,Gardener,ghughesj7@ameblo.jp,23.59.148.112,Comedy,198.102.231.239/17,Daily,41
693,Phillip,pgainforthj8@shop-pro.jp,200.216.33.127,Comedy,110.19.166.27/1,,
694,Harmon,hmcgillecolej9@g.co,157.220.104.143,Comedy,232.52.106.199/1,Never,67
695,June,jtenauntja@ucla.edu,130.142.232.169,Comedy|Romance,170.158.215.175/26,Daily,88
696,Noell,nbampfieldjb@upenn.edu,136.185.2.238,Horror,102.237.6.135/30,Daily,34
697,Mychal,mattenboroughjc@drupal.org,46.245.234.68,Crime|Drama,41.227.82.138/18,Once,21
698,Murvyn,mhadwenjd@spiegel.de,49.49.146.180,Documentary,107.140.87.171/9,Daily,37
699,Minnnie,medonje@google.es,192.30.71.234,Drama,35.168.130.242/15,Daily,27
700,Reagen,rflottjf@tinypic.com,121.100.184.217,Comedy|Romance,168.177.41.116/1,,
701,Gamaliel,gtanswilljg@t-online.de,196.163.219.105,Crime|Mystery|Thriller,159.213.91.199/21,Once,8
702,Renado,rfranzonettijh@issuu.com,167.232.70.10,Horror|Sci-Fi,224.246.84.108/2,Seldom,85
703,Tamarra,tprineji@surveymonkey.com,202.196.74.32,Children|Fantasy|Musical,245.139.190.65/16,,
704,Culver,cbrahanjj@wikia.com,88.41.133.161,Comedy,99.127.115.84/22,Often,89
705,Saunderson,sfeakjk@opera.com,163.127.2.71,Drama,115.68.228.143/31,Once,2
706,Parrnell,pnuzztijl@mlb.com,244.203.156.245,Action|Comedy|Thriller,207.200.242.240/28,Once,45
707,Fielding,fadamowiczjm@discuz.net,186.196.115.160,Drama,103.112.132.185/12,,
708,Rebbecca,rmaccaguejn@flickr.com,252.190.62.33,Comedy,25.176.17.139/29,,
709,Vanny,vsherebrookjo@cyberchimps.com,106.176.217.192,Drama,249.100.18.54/18,Seldom,38
710,Franciskus,fgironjp@jimdo.com,37.156.200.249,Western,113.175.132.96/29,Seldom,28
711,Laural,lfrithjq@unesco.org,223.252.207.24,Comedy|Crime|Mystery,84.218.216.216/10,Once,84
712,Thadeus,trubeejr@weebly.com,175.50.149.134,Comedy,75.50.40.230/25,Monthly,81
713,Niccolo,nphayrejs@hc360.com,133.237.75.157,Animation|Children|Comedy|Fantasy,189.83.228.61/5,Weekly,28
714,Brigit,bhasselljt@clickbank.net,125.151.12.133,Crime|Horror|Thriller,134.113.107.24/30,Daily,77
715,Britt,bsimpkissju@flickr.com,53.156.220.81,Drama,51.44.160.133/31,Once,26
716,Cora,ccarncrossjv@dmoz.org,199.241.120.243,Action|Adventure,11.18.170.213/13,Seldom,42
717,Beryl,bhaighjw@unc.edu,221.200.151.178,Drama|Romance,30.13.133.149/7,Yearly,42
718,Thea,tluffmanjx@vistaprint.com,163.236.112.216,Horror,81.99.253.103/20,Monthly,26
719,Archambault,aerrowejy@cargocollective.com,21.13.175.177,(no genres listed),195.180.206.178/2,Often,31
720,Brunhilde,bkillimisterjz@github.io,170.221.18.196,Comedy,125.172.132.58/9,Monthly,57
721,Barbi,bfardyk0@prnewswire.com,188.243.71.68,Comedy|Drama,10.58.6.191/30,Seldom,6
722,Dolph,deshk1@nytimes.com,239.189.124.49,Comedy|Crime|Horror|Mystery|Thriller,98.168.161.210/20,Weekly,22
723,Steffi,spauluschk2@merriam-webster.com,76.120.0.178,Drama,42.99.94.203/19,,
724,Zacharia,zthomsenk3@reference.com,151.168.202.128,Action|Drama,127.41.39.178/15,Often,54
725,Egbert,ecasazzak4@feedburner.com,118.96.93.221,Drama|War,187.77.200.235/14,,
726,Adlai,amcgownk5@delicious.com,158.227.249.237,Comedy,118.195.16.210/12,Often,25
727,Margarete,mmcguirek6@cbslocal.com,173.80.200.108,Documentary,139.244.214.156/13,Daily,14
728,Man,mwildbloodk7@smh.com.au,25.60.149.213,Drama|Thriller,122.134.221.164/29,Monthly,24
729,Harbert,hsimionatok8@redcross.org,188.5.163.38,Comedy|Romance,213.24.74.198/24,Daily,89
730,Yoshi,yiacovolok9@booking.com,210.70.160.189,Drama,107.241.242.70/10,Yearly,99
731,Sherry,sdanielyka@usgs.gov,176.107.215.133,Drama,114.216.213.179/7,Once,15
732,Thalia,tmackrellkb@google.co.uk,84.19.108.156,Comedy,164.57.24.253/2,Often,34
733,Ethe,elarmankc@arizona.edu,47.239.104.151,Crime,110.96.182.65/17,Yearly,78
734,Joya,jpeartreekd@skype.com,119.61.24.64,Crime|Horror|Thriller,118.243.123.89/31,Never,39
735,Tiertza,twhelpdaleke@lulu.com,76.25.39.151,Comedy,22.34.169.231/19,Once,37
736,Camey,cstintonkf@yelp.com,209.100.21.244,Action|Drama|Thriller,35.145.153.208/6,Never,88
737,Tabbie,tkubickakg@vimeo.com,39.22.244.150,Documentary,22.162.97.229/9,Once,48
738,Con,cwolfendalekh@netvibes.com,52.218.28.115,Comedy|Drama|Thriller,73.121.19.128/25,,
739,Nevin,npackeki@studiopress.com,245.151.106.141,Adventure|Drama,78.183.171.232/1,Monthly,17
740,Vale,vtenchkj@goo.gl,41.144.209.251,Comedy,13.219.233.171/14,Once,17
741,Angelika,asperlingkk@msu.edu,116.65.43.134,Comedy|Drama|Romance,202.237.246.2/10,Once,24
742,Miles,mansteekl@cam.ac.uk,63.44.161.113,Musical,173.186.74.51/6,Yearly,66
743,Happy,hgregsonkm@webeden.co.uk,143.213.57.182,Thriller,53.247.85.182/2,Often,56
744,Giorgia,gfielderskn@altervista.org,190.223.237.217,Drama,33.253.219.69/25,Often,43
745,Gertrud,gdurrellko@histats.com,152.32.158.12,Drama,178.57.160.173/24,Often,86
746,Alford,aglenniekp@wsj.com,68.36.41.56,Drama|Mystery|Thriller,142.71.122.14/21,Weekly,24
747,Kathleen,kyerburykq@utexas.edu,240.26.240.89,Comedy,145.115.174.160/9,Often,47
748,Gilles,gkaufmankr@issuu.com,189.56.134.224,Crime|Drama|Thriller,11.54.174.26/13,Often,43
749,Korey,kdanielskyks@yellowbook.com,25.240.5.130,Horror,161.102.47.35/8,Daily,78
750,Clemmy,cgardinerkt@wikimedia.org,139.27.17.17,Drama|Musical,89.214.146.65/4,Once,73
751,Lynn,lnialsku@hao123.com,15.119.63.183,Animation|Comedy|Drama|Mystery,169.34.45.120/19,Weekly,6
752,Farrell,fsiddelekv@parallels.com,120.193.25.59,Drama|Romance,68.139.67.32/11,,
753,Netti,nfromentkw@opera.com,144.93.253.184,Comedy|Fantasy,135.20.204.122/31,Yearly,90
754,Cyndi,chyamskx@about.me,116.58.44.189,Crime|Drama|Thriller,85.185.213.168/3,,
755,Rosalyn,ryellowleesky@ycombinator.com,254.160.70.31,Animation|Children|Drama,210.244.32.109/19,Monthly,81
756,Sibyl,sfoddykz@gizmodo.com,101.185.100.20,Drama,91.211.58.109/26,Yearly,67
757,Georgeanne,gdefreitasl0@berkeley.edu,132.148.127.213,Drama,174.213.86.99/14,,
758,Temp,tseeviourl1@com.com,232.149.121.194,Comedy|Drama,62.170.67.28/7,Once,20
759,Mylo,mlegueyl2@soundcloud.com,207.236.253.179,Comedy|Romance,206.84.75.243/11,Once,21
760,Guthrie,geckeryl3@mail.ru,8.68.121.174,Comedy,181.110.36.52/28,Never,99
761,Toiboid,thuscroftl4@soup.io,133.36.192.53,Action|Drama|War,46.16.103.127/22,Monthly,16
762,Felic,fpickstonl5@merriam-webster.com,49.159.197.117,Animation|Comedy|Sci-Fi,204.229.212.180/4,Weekly,3
763,Filide,fcutmerel6@scribd.com,132.14.183.68,Adventure|Animation|Children,111.189.66.180/30,Daily,16
764,Stevie,shumphrisl7@wunderground.com,62.64.117.84,Comedy|Drama,116.58.145.22/27,,
765,Arleen,awalworthl8@icq.com,56.57.184.24,Comedy|Romance,176.215.61.55/30,Weekly,17
766,Mandy,mretallickl9@vistaprint.com,201.179.172.141,Musical|Romance,89.137.154.138/3,,
767,Odelia,owestphalenla@irs.gov,29.82.135.11,Adventure|Western,69.165.16.5/2,Once,50
768,Celestina,cmartinholb@tinypic.com,75.174.25.247,Comedy|Fantasy|Musical,184.192.73.232/3,,
769,Penny,pcaltunlc@drupal.org,171.198.88.234,Drama|Romance,107.128.236.19/22,Monthly,95
770,Tiffani,tmacpharlainld@auda.org.au,112.181.107.28,Drama|War,212.58.28.70/23,Seldom,61
771,Everett,eguiule@wufoo.com,166.99.23.208,Crime|Drama|Thriller,221.176.57.33/24,Often,90
772,Ellissa,ekarpenkolf@hibu.com,246.70.159.38,Documentary|Musical,239.35.206.234/4,Often,17
773,Ahmed,amillinslg@wix.com,94.56.158.47,Action|Drama|Horror|Thriller,171.84.167.218/10,Daily,9
774,Dorothy,dpoltonelh@redcross.org,112.56.31.82,Drama,120.76.58.167/4,Yearly,92
775,Sharyl,sepiletli@home.pl,16.232.245.7,Animation|Children|Musical,10.141.56.215/19,Monthly,65
776,Sim,sbarnbylj@so-net.ne.jp,180.202.83.144,Action|Adventure|Drama,167.113.102.13/19,Monthly,25
777,Phyllis,pbalbecklk@jigsy.com,184.145.75.8,Drama,22.29.148.122/12,,
778,Gusti,gnormadellll@tmall.com,157.17.74.105,Comedy|Drama,30.108.100.71/11,Often,84
779,Fredia,fpreddylm@huffingtonpost.com,13.215.70.71,Crime|Drama|Film-Noir,100.82.50.179/26,Weekly,46
780,Elle,efustln@yahoo.co.jp,203.211.211.76,Crime|Drama|Mystery|Thriller,63.230.22.177/17,Often,76
781,Klara,ksurgeylo@domainmarket.com,42.13.18.89,Documentary,214.166.41.105/9,Daily,63
782,Meridel,mpechlp@last.fm,190.48.255.98,Action|Adventure|Sci-Fi,106.19.164.106/7,,
783,Patience,proylancelq@ow.ly,44.57.170.188,Adventure|Romance|Western,64.52.220.133/1,,
784,Evita,eedwinslr@examiner.com,68.253.74.180,Action|Comedy|Crime|Romance,179.1.249.90/20,Yearly,52
785,Hakeem,hnoellls@howstuffworks.com,147.112.114.243,Comedy,174.12.81.184/6,Seldom,21
786,Celka,cjochenslt@gov.uk,182.34.38.54,Documentary|Musical,224.204.62.158/17,,
787,Bobinette,blithgowlu@guardian.co.uk,169.74.98.213,Crime|Drama|Film-Noir,243.233.192.133/10,Daily,54
788,Allyn,acowdrylv@china.com.cn,162.79.76.9,Comedy|Drama,75.227.217.153/24,,
789,Alejoa,asellerlw@paginegialle.it,38.5.168.103,Drama|War,32.252.91.193/18,,
790,Veriee,vchristianlx@1und1.de,203.93.254.130,Crime|Drama,51.171.159.124/14,,
791,Marybelle,mgiorgeschily@prnewswire.com,115.253.173.31,Comedy|Crime|Drama,80.167.23.83/1,Daily,7
792,Donica,dduftonlz@ezinearticles.com,86.149.151.147,Drama,224.166.10.16/27,Monthly,20
793,Domeniga,dsabertonm0@answers.com,161.71.76.20,Comedy|Drama,214.96.88.128/29,Yearly,11
794,Gladys,gyeseninm1@jiathis.com,82.71.244.129,Comedy,2.39.147.116/9,Once,3
795,Claudine,cstampsm2@cloudflare.com,29.169.83.133,Documentary,32.51.56.112/3,Once,25
796,Jackie,jladellm3@umich.edu,169.154.24.251,Western,160.170.115.69/16,Monthly,47
797,Anstice,agoddardm4@nasa.gov,55.132.211.244,Comedy|Drama|Fantasy|Mystery|Sci-Fi|Thriller,33.141.160.202/8,,
798,Cairistiona,cszantom5@bbc.co.uk,252.233.32.57,Crime|Drama,137.149.57.185/22,,
799,Lindsey,lfrunksm6@umich.edu,216.223.164.166,Action|Animation|Children|Crime,222.141.96.7/22,Monthly,18
800,Maisie,mkachm7@e-recht24.de,106.84.234.161,Drama,84.225.195.33/24,Daily,81
801,Selma,sgrishmanovm8@chronoengine.com,124.244.228.121,Drama,109.117.13.26/3,,
802,Dennis,dbirksm9@istockphoto.com,17.170.153.183,Drama,186.15.217.66/7,,
803,Myrilla,mocoskerryma@reverbnation.com,136.210.161.5,Drama,124.135.67.9/31,Yearly,75
804,Celestina,chefnermb@cbslocal.com,147.170.65.45,Drama|Romance|Thriller|War,22.112.160.148/3,,
805,Maegan,mwestropemc@pbs.org,232.90.113.13,Drama,126.138.171.39/13,Seldom,76
806,Jehu,jginnellmd@friendfeed.com,122.55.181.19,Animation,15.170.95.90/17,Once,35
807,Will,wgilksme@guardian.co.uk,28.191.71.226,Drama,107.150.244.229/26,Seldom,66
808,Corrie,cgiggsmf@amazon.com,134.217.207.8,Drama|Thriller,109.165.131.136/23,,
809,Hodge,htoffolinimg@dot.gov,180.96.52.190,Documentary,61.160.158.215/26,Often,41
810,Nev,npillingermh@taobao.com,239.151.194.23,Documentary|Drama,132.155.249.244/9,Yearly,70
811,Loren,lwrightonmi@discovery.com,5.174.24.85,Drama|Romance,110.163.92.223/7,Weekly,2
812,Gerri,gwoollcottmj@wikia.com,154.28.18.17,Crime|Film-Noir,86.147.15.143/10,,
813,Hurley,hheskinsmk@technorati.com,10.197.140.148,Horror,34.199.163.241/20,,
814,Nichols,nbusselml@google.com.hk,232.183.172.146,Drama,93.156.208.91/25,Seldom,54
815,Karly,kfalcomm@nationalgeographic.com,2.4.176.128,Comedy|Drama,147.148.178.159/9,Seldom,97
816,Gustavus,gbabbagemn@pbs.org,133.147.153.151,Comedy|Drama,106.33.152.3/5,Often,73
817,Aili,alinhammo@hhs.gov,5.249.17.223,Action,172.142.14.235/26,Often,35
818,Winnifred,wgantmp@photobucket.com,108.33.244.180,Animation|Drama|Romance,151.32.76.96/12,Seldom,45
819,Lindsey,lcremermq@hao123.com,177.238.127.223,Drama,123.175.244.20/26,,
820,Lissi,lcollyearmr@tuttocitta.it,40.192.132.116,Drama,78.53.152.168/8,Once,96
821,Claudine,candererms@slashdot.org,83.142.103.47,Action|Adventure|Fantasy,243.70.199.38/31,Monthly,25
822,Waldon,wkermt@php.net,245.120.245.212,Drama,50.240.165.41/25,Daily,37
823,Dorrie,dstarfordmu@soundcloud.com,43.144.158.8,Horror,61.11.77.147/3,Often,81
824,Aleta,anewhammv@alibaba.com,8.161.97.86,Drama|Romance,232.158.90.78/13,Seldom,92
825,Marilee,mbrookesbiemw@oakley.com,12.58.222.38,Children|Drama,75.86.244.42/23,Seldom,11
826,Pansy,phannabymx@bloomberg.com,60.97.87.245,Fantasy,68.252.31.11/30,,
827,Ethyl,ekasermy@kickstarter.com,234.82.96.89,Crime|Drama|Horror|Thriller,143.211.132.196/13,Never,62
828,Lynna,lolivetmz@ycombinator.com,33.238.251.70,Drama|War,227.142.89.86/2,Daily,42
829,Viola,vmcanultyn0@wisc.edu,208.184.132.62,Comedy,168.82.116.180/8,Once,82
830,Linet,lvalekn1@java.com,43.86.230.225,Drama,136.213.62.188/2,Monthly,42
831,Tracee,tmaccullochn2@webeden.co.uk,235.153.122.198,Comedy|Musical,109.209.179.157/29,Daily,89
832,Selene,sfannonn3@hp.com,151.111.48.140,Action|Drama,103.59.133.116/25,Weekly,16
833,Spike,spaulign4@so-net.ne.jp,139.126.48.44,Comedy|Fantasy,31.42.124.197/16,,
834,Wayland,wyounghusbandn5@woothemes.com,152.174.58.0,Drama,109.96.76.133/7,,
835,Darya,dgrannelln6@nature.com,73.24.94.52,Drama,84.229.79.24/15,Once,42
836,Lezlie,lheddenn7@ca.gov,26.254.31.228,Horror|Sci-Fi|Thriller,184.18.171.4/29,Seldom,77
837,Marty,mboudan8@virginia.edu,184.190.203.215,Action|Adventure,16.15.44.199/9,Monthly,53
838,Antony,ablenkinshipn9@yelp.com,27.246.249.93,Drama,24.71.116.24/30,,
839,Nico,nthainna@xrea.com,184.47.191.222,Thriller,246.59.94.240/8,Often,78
840,Zane,zbellinonb@archive.org,129.147.201.108,Comedy,134.220.39.210/24,Seldom,85
841,Suellen,sbalderync@freewebs.com,246.92.135.240,Children|Drama|Sci-Fi,60.98.204.196/12,,
842,Boone,bpockend@youtube.com,65.30.16.240,Drama|Mystery,196.165.18.61/23,Daily,20
843,Mathias,mplaicene@multiply.com,96.85.170.254,Horror|Mystery|Sci-Fi|Thriller,213.111.139.79/18,Yearly,71
844,Anton,acarbinnf@artisteer.com,58.201.108.99,Documentary|Romance,239.177.81.254/31,,
845,Tommie,tcallerng@mlb.com,131.194.179.223,Documentary|Drama,209.107.159.158/1,Daily,50
846,Zarla,zbendinnh@twitter.com,139.114.161.65,Action|Crime|Western,225.81.12.171/5,Weekly,59
847,Darline,daleevyni@nbcnews.com,108.226.96.235,Drama,38.110.171.78/15,Monthly,78
848,Avigdor,amikalskinj@ask.com,73.58.233.41,Drama,254.190.234.80/15,Once,53
849,Ruthann,rvashchenkonk@eventbrite.com,21.81.105.184,Drama|Film-Noir|Thriller,115.220.199.20/4,Weekly,80
850,Ardys,astanfordnl@google.ca,253.82.55.190,Comedy|Musical|Romance,58.108.219.107/3,Daily,96
851,Barbee,bhrinchenkonm@privacy.gov.au,232.71.48.204,Comedy|Crime,13.24.228.175/4,Once,65
852,Wilone,wdowenn@google.com.hk,60.195.169.25,Comedy,107.90.183.72/9,Yearly,64
853,Bron,blewsieno@flavors.me,129.153.189.220,Drama,161.250.205.179/16,,
854,Jessey,jmclesenp@flickr.com,9.118.82.14,Drama|Fantasy|Romance|Thriller,139.27.206.23/22,Yearly,26
855,Ola,omccolgannq@squarespace.com,48.181.123.103,Drama,83.76.97.165/3,Never,85
856,Mead,mcastanenr@umich.edu,26.147.152.11,Comedy|Crime|Drama,7.238.200.149/20,Yearly,97
857,Jolene,jbricens@merriam-webster.com,147.36.206.163,Horror,113.98.55.215/10,Weekly,4
858,Baron,btopaznt@boston.com,75.106.216.203,Comedy|Fantasy,42.63.3.196/27,Once,84
859,Harold,hcostleynu@hao123.com,121.242.182.21,Drama|Romance|Thriller,26.47.236.188/3,,
860,Hew,hfatkinnv@wiley.com,233.199.73.220,Adventure|Comedy|Sci-Fi|Thriller|War,35.198.31.201/10,Never,26
861,Cyndie,cduhamnw@europa.eu,44.208.48.101,Comedy|Romance,9.60.1.215/16,Often,99
862,Margarete,mmaccoughannx@rakuten.co.jp,112.165.92.228,Crime|Drama,60.232.81.52/9,Monthly,24
863,Chaim,cbarklyny@ucoz.ru,78.98.55.39,Action|Adventure|Sci-Fi,83.248.180.238/21,Once,33
864,Vina,vgierardinz@census.gov,213.221.178.179,Drama,35.46.236.62/25,Often,79
865,Desdemona,dbordoneo0@mapquest.com,192.151.251.42,Drama,212.91.57.133/31,,
866,Denys,dmitchelhillo1@technorati.com,32.251.164.104,Drama,220.9.139.226/7,Weekly,82
867,Westley,wgadsono2@ihg.com,173.214.94.61,Adventure|Drama|Sci-Fi,56.39.254.52/27,Once,58
868,Isabelita,igarredo3@google.com.hk,211.28.190.166,Comedy|Drama,164.84.147.80/5,,
869,Frans,fpeticano4@tripod.com,111.211.250.121,Western,189.21.69.57/24,Monthly,39
870,Crystal,cbaynamo5@behance.net,63.192.238.105,Comedy|Drama,222.103.25.14/5,,
871,Collete,cledleyo6@nymag.com,47.75.155.154,Comedy,250.170.189.20/10,Once,96
872,Rory,rbatisseo7@auda.org.au,100.87.177.146,Adventure|Comedy|Fantasy,204.190.200.117/5,Monthly,37
873,Trula,tdinsmoreo8@ebay.co.uk,164.220.32.108,Action|Adventure|Fantasy,92.128.189.87/10,Daily,56
874,Angy,abrackpoolo9@sogou.com,33.197.71.80,Drama|Mystery|Thriller,184.93.30.52/31,Seldom,45
875,Frans,ffuentezoa@linkedin.com,153.251.254.36,Drama,99.28.221.126/15,Never,92
876,Anastasie,acubbonob@163.com,226.85.53.126,Comedy|Drama,82.105.23.227/30,Once,63
877,Ethelda,egirdlestoneoc@nhs.uk,69.46.129.110,Adventure|Comedy,157.34.170.158/30,Monthly,49
878,Eduino,eperrotod@skype.com,202.223.134.52,Drama,12.42.2.206/19,Often,51
879,Nappy,nluxmooreoe@usda.gov,157.133.116.16,Drama|Horror|Mystery|Thriller,174.164.47.119/18,Seldom,15
880,Simon,sheugleof@com.com,156.147.8.58,Comedy|Fantasy|Thriller,186.56.212.219/27,Weekly,93
881,Stepha,sbirdsog@hhs.gov,25.188.3.53,Action|Adventure|Animation,146.114.26.64/16,Daily,72
882,Winthrop,wsiberyoh@over-blog.com,113.106.205.74,Action|Adventure|Drama,160.95.144.43/31,,
883,Lisa,lwellstoodoi@google.com,175.82.38.104,Comedy|Drama,36.211.23.24/12,Daily,80
884,Erin,emeanyoj@cdbaby.com,93.198.166.8,Drama,192.101.8.152/10,Never,4
885,Jeramie,jbuntineok@dmoz.org,108.27.151.164,Drama|War,28.245.230.86/12,Weekly,73
886,Marlee,mwooddisseol@princeton.edu,104.240.9.36,Action|Drama|War,12.54.164.32/14,,
887,Berton,bmcclarenceom@ycombinator.com,198.68.126.73,Drama,237.94.154.245/24,Seldom,39
888,Claudio,cwaitlandon@opensource.org,91.174.114.165,Comedy|Drama|Romance,184.117.21.19/18,Monthly,71
889,Bryna,bboldeckeoo@webnode.com,155.205.200.75,Crime|Thriller,20.104.136.230/25,Never,12
890,Carree,crutgersop@goo.gl,210.220.148.178,Comedy,210.14.63.228/12,Daily,51
891,Ansell,amularkeyoq@sourceforge.net,206.218.27.9,Documentary,190.5.200.98/3,Daily,81
892,Jaime,jloisior@blogspot.com,213.97.228.255,Crime|Drama|Film-Noir,27.220.97.209/4,Often,25
893,Sherm,sburnageos@wp.com,43.153.14.41,Comedy|Crime|Drama|Romance,192.246.128.117/26,Monthly,92
894,Tanhya,tbrissonot@patch.com,86.80.54.4,Drama|Romance,75.199.219.103/13,,
895,Addison,alanteou@infoseek.co.jp,131.123.40.169,Horror|Mystery|Thriller,206.90.201.57/3,,
896,Guthrie,glusgdinov@mozilla.org,130.192.18.113,Drama,75.128.177.175/31,Often,97
897,Celestyna,cjamesonow@phpbb.com,73.153.17.194,Comedy|Horror,122.109.162.64/5,Often,90
898,Mariele,mnewburnox@squidoo.com,59.223.126.208,Drama,83.31.51.217/17,Often,55
899,Margaret,mweymouthoy@goo.ne.jp,179.194.229.24,Documentary,40.196.219.120/23,Once,19
900,Leeann,lbeviroz@wufoo.com,189.105.162.10,Action|Drama|War,149.77.255.241/11,Weekly,1
901,Nathanil,nfilderyp0@123-reg.co.uk,157.123.88.94,Documentary,91.164.43.51/19,Once,99
902,Nikkie,nhealyp1@eepurl.com,73.81.42.244,Adventure|Documentary,189.78.81.235/15,Daily,20
903,Emilee,emacilhenchp2@ocn.ne.jp,18.238.72.40,Drama,12.80.120.238/26,Never,79
904,Cordie,clodwigp3@taobao.com,123.6.50.206,Drama,133.165.78.121/4,Never,29
905,Rey,rpeglerp4@nytimes.com,73.172.210.99,Horror,98.2.198.20/20,Monthly,50
906,Corbet,cbossp5@webeden.co.uk,247.236.192.165,Action|Crime|Thriller,71.48.163.150/17,Seldom,6
907,Bradford,bandrieuxp6@macromedia.com,10.6.41.1,Drama,196.212.218.218/24,Never,24
908,Gregor,gtrevainsp7@dyndns.org,2.114.74.13,Documentary,24.161.245.183/26,Monthly,65
909,Bendick,bmalhamp8@earthlink.net,82.25.208.224,Comedy|Romance,51.235.220.105/20,,
910,Arabele,amcilvennap9@wikispaces.com,249.62.114.108,Horror|Sci-Fi,46.216.48.135/5,Yearly,24
911,Kalie,kbonnesenpa@google.com.hk,102.158.140.217,Crime|Thriller,172.38.94.218/28,Weekly,74
912,Cristina,ckestlepb@feedburner.com,155.207.252.156,Horror|Sci-Fi,119.220.42.38/2,Yearly,64
913,Zared,zarpepc@imageshack.us,64.207.52.217,Drama|Romance,166.145.128.113/21,Once,68
914,Joy,jcullimorepd@tmall.com,50.126.80.137,Adventure|Children,11.243.196.183/14,Often,29
915,Nada,ntamburope@ft.com,16.204.152.186,Horror,222.145.72.109/6,Once,58
916,Ericha,ekuhnertpf@twitter.com,211.99.76.55,Children|Drama,51.85.236.208/15,Once,45
917,Ivor,iharraginpg@newsvine.com,172.191.211.6,Crime|Drama|Thriller,139.3.184.254/16,Seldom,88
918,Augustin,acorssph@flavors.me,32.87.9.134,Mystery,206.184.129.158/21,Monthly,57
919,Regina,rskivingtonpi@ask.com,73.67.160.69,Drama|Romance,80.39.149.68/12,Monthly,16
920,Jessi,jpitfordpj@dell.com,68.175.144.241,Comedy|Drama|Romance,44.79.23.152/13,Never,27
921,Domini,dsandersonpk@liveinternet.ru,159.178.88.18,Action|Drama|War,77.69.179.237/21,Yearly,60
922,Rici,rcurrypl@qq.com,162.206.57.0,Comedy|Drama|Romance,227.74.178.236/29,Weekly,91
923,Ingrim,ibussenpm@webeden.co.uk,176.93.75.73,Drama|Mystery|Thriller,207.12.205.81/11,,
924,Deena,dborzonipn@ning.com,208.9.88.145,Comedy|Crime,42.27.144.246/28,Weekly,58
925,Maxim,mgivenpo@reuters.com,16.192.140.113,Drama|Romance|War,142.83.36.67/28,Once,42
926,Bear,bgoodfellowepp@samsung.com,53.68.216.37,Comedy|Crime|Drama|Romance,38.105.114.201/30,Monthly,8
927,Kenny,kbatterhampq@acquirethisname.com,21.196.38.122,Action,206.189.120.250/22,Never,59
928,Corenda,cgrishaninpr@aol.com,83.215.79.117,Documentary,1.250.85.80/10,Yearly,42
929,Natassia,nkimmps@nytimes.com,132.106.244.122,Action|Comedy|Crime|Thriller,143.96.36.213/14,,
930,Brew,bbountiffpt@vinaora.com,223.63.30.43,Comedy|Drama,38.223.2.0/25,Yearly,72
931,Jessalin,jcharkpu@china.com.cn,123.188.192.4,Drama|Horror,93.234.134.207/13,,
932,Joshia,jcoggerpv@vinaora.com,66.29.90.190,Documentary,178.43.54.194/4,Never,33
933,Hazlett,hregglarpw@newsvine.com,160.49.7.139,Drama|War,177.83.62.230/1,Once,41
934,Edythe,eparkinspx@netlog.com,95.218.142.28,Drama|Mystery|Thriller,238.178.243.180/21,Weekly,38
935,Sergei,sbradbrookpy@gmpg.org,148.209.19.135,Drama|War,45.160.231.152/26,Never,98
936,Vasily,vdrinanpz@twitpic.com,147.54.234.72,Drama|War,77.20.253.195/29,Monthly,75
937,Ginnifer,gcockerq0@weebly.com,24.248.131.194,Drama,2.70.184.67/4,Seldom,79
938,Sukey,sbrimilcombeq1@tinyurl.com,195.63.151.1,Drama|Fantasy,162.27.81.163/4,Daily,47
939,Dane,dbeamondq2@microsoft.com,9.38.227.67,Comedy|Drama,111.22.183.21/19,Once,71
940,Benson,bsherrardq3@nba.com,162.179.138.129,Comedy|Romance,16.81.17.146/24,Yearly,2
941,Tore,tsandallq4@lycos.com,231.176.43.0,Drama,96.202.133.121/24,Daily,69
942,Barrie,bridingq5@disqus.com,225.9.20.200,Crime|Drama|Thriller,3.195.184.218/5,Yearly,2
943,Gage,gwharramq6@dot.gov,48.149.72.126,Comedy,152.162.223.73/27,Often,28
944,Robinetta,ravramovskyq7@etsy.com,18.246.109.196,Mystery|Thriller,228.178.222.111/7,Daily,73
945,Joly,jscatcherq8@furl.net,16.190.217.165,Sci-Fi,199.18.74.173/4,Weekly,5
946,Toddy,tkennerknechtq9@sitemeter.com,49.169.197.239,Crime|Drama|Thriller,97.142.63.9/6,Seldom,40
947,Bryan,bstotqa@tuttocitta.it,186.113.154.87,Children|Comedy|Fantasy|Musical,80.169.177.111/2,Often,12
948,Winna,wsandlinqb@stumbleupon.com,60.44.144.227,Horror|Mystery,246.217.114.51/31,Daily,85
949,Fanya,fbartholinqc@ameblo.jp,181.66.251.74,Drama|Sci-Fi,163.248.163.203/23,Weekly,24
950,Benn,bbeaglesqd@ftc.gov,230.50.186.81,Drama,227.88.38.20/19,Yearly,1
951,Katharina,khansmanqe@fda.gov,2.90.106.31,Comedy,113.35.154.181/27,Daily,36
952,Mahmoud,mfranzelqf@ca.gov,215.215.180.113,Musical,43.176.219.178/11,,
953,Wilone,wsmallsmanqg@nih.gov,102.207.215.115,Drama|Thriller,154.173.64.232/22,Seldom,43
954,Ketti,khourihaneqh@altervista.org,47.55.174.191,Drama,80.56.128.11/11,Never,68
955,Brantley,bbulfitqi@uol.com.br,177.244.102.237,Comedy|Drama,184.182.230.86/14,Monthly,75
956,Chantalle,cbarentsqj@dailymotion.com,253.132.205.159,(no genres listed),88.98.136.83/29,Yearly,6
957,Opaline,ogolsthorpqk@odnoklassniki.ru,156.175.82.83,Comedy|Crime|Drama,227.63.217.47/31,Daily,49
958,Donalt,dbarterql@mysql.com,56.131.244.95,Comedy|Horror,1.108.35.13/10,Once,98
959,Daniel,dlohrensenqm@google.nl,60.147.8.126,Drama,153.12.181.165/7,Never,19
960,Gianna,gguerrazziqn@discuz.net,181.71.131.101,Crime|Drama|Sci-Fi|Thriller,63.111.243.132/8,Daily,100
961,Ruth,rkitsonqo@alexa.com,187.244.122.70,War,233.223.216.37/29,Weekly,31
962,Lucien,lbexleyqp@usgs.gov,222.141.237.58,Comedy,72.127.171.133/14,Seldom,4
963,Lorrayne,lgellandqq@forbes.com,242.119.76.65,Adventure|Drama|Fantasy,122.155.11.48/26,Seldom,22
964,Thom,tladbrookqr@trellian.com,124.238.170.7,Comedy,36.176.16.110/4,Daily,74
965,Thurstan,tbartolqs@mysql.com,61.192.254.137,Action|Adventure|Drama,226.253.130.202/2,Daily,68
966,Kevon,kharrieqt@google.pl,46.111.60.157,Comedy|Drama|Romance,140.236.68.131/29,,
967,Franni,fcisarqu@mac.com,225.184.126.110,Comedy|Romance,108.9.148.98/22,Daily,100
968,Madelon,mjodrellecqv@cbsnews.com,80.135.107.83,Drama,227.126.47.205/2,Daily,31
969,Del,dcordeauqw@salon.com,249.29.92.181,Drama,241.15.19.100/20,Never,77
970,Claudius,cringhamqx@google.ca,220.108.245.200,Documentary|Musical,188.240.172.96/29,,
971,Delmore,dpoundfordqy@home.pl,66.126.196.217,Crime|Drama|Thriller,143.57.173.226/20,,
972,Ariel,awildorqz@mail.ru,239.184.63.253,Action|Drama|Romance|War,160.37.34.110/24,Daily,8
973,Zilvia,zsproulsr0@last.fm,160.70.123.79,Mystery,78.131.41.1/15,Never,20
974,Teddie,thurtr1@amazon.co.uk,223.69.53.117,Documentary,105.234.73.150/13,,
975,Huntlee,hrizzinir2@webeden.co.uk,53.30.122.235,Drama|Musical,107.220.114.0/28,Weekly,82
976,Genvieve,gbleacherr3@sciencedirect.com,250.190.99.177,Comedy,247.25.245.234/16,Often,21
977,Dacia,dsummerrellr4@prnewswire.com,114.0.113.122,Drama,230.240.239.15/20,Often,75
978,Davin,dhessayr5@meetup.com,100.104.222.148,Thriller,65.249.163.4/30,Weekly,53
979,Adelind,aluxenr6@irs.gov,48.24.246.4,Crime|Mystery|Thriller,187.46.230.7/13,Daily,78
980,Clair,cmurpheyr7@latimes.com,156.67.78.59,Drama|Mystery,114.24.0.160/15,Daily,9
981,Tedi,tsprucer8@ustream.tv,35.158.177.113,Comedy|Romance,223.152.144.6/1,Monthly,91
982,Karole,krichingsr9@php.net,21.104.96.159,Western,79.228.152.48/27,Yearly,42
983,Randell,rmccambroisra@amazonaws.com,30.94.243.170,Drama|Romance,121.199.102.128/7,Never,85
984,Noni,nviggarsrb@xinhuanet.com,112.32.83.244,Comedy|Drama|Mystery,37.2.189.52/11,Seldom,100
985,Neilla,nmacneicerc@forbes.com,100.229.106.32,Crime|Drama|Film-Noir|Thriller,81.150.173.183/13,Never,78
986,Jarid,jparncuttrd@prweb.com,104.97.77.222,Comedy|Drama,156.213.55.233/5,,
987,Siffre,srudgere@tiny.cc,237.48.48.14,Comedy|Drama,136.32.149.45/2,Yearly,14
988,Dick,dthackrayrf@blinklist.com,110.136.47.205,Drama,158.78.107.204/31,Often,43
989,Gelya,gloudianrg@phoca.cz,169.214.98.112,Crime|Drama|Romance,126.67.53.0/28,Never,28
990,Elvyn,egossagerh@ihg.com,34.70.213.205,Comedy,9.173.74.235/12,,
991,Theodore,tsydneyri@princeton.edu,49.11.223.216,Drama|Musical,14.42.200.205/26,Monthly,14
992,Tamma,tbalcersrj@printfriendly.com,134.240.168.186,Horror|Thriller,70.160.46.36/16,Weekly,49
993,Cece,cflackrk@si.edu,143.126.81.211,Comedy|Romance,81.53.215.63/19,Seldom,36
994,Demetrius,dmckinleyrl@sciencedaily.com,24.193.203.84,Comedy|Drama,234.144.194.59/10,Never,66
995,Leena,lchanderrm@blogs.com,53.150.248.149,Drama,155.66.181.84/31,Once,50
996,Karin,kgotherrn@cloudflare.com,50.52.203.215,Comedy,172.183.25.175/30,Monthly,21
997,Odille,opoagro@wordpress.org,247.180.169.175,Comedy|Drama,18.199.238.74/15,Daily,65
998,Raeann,rgalileerp@mysql.com,159.166.250.48,Comedy|Musical,140.3.169.16/15,Never,95
999,Ardenia,ahauxleyrq@e-recht24.de,199.177.95.90,Drama,107.217.231.203/18,Never,32
1000,Melitta,malcidorr@fastcompany.com,243.150.171.234,Crime|Drama,81.180.110.0/6,Yearly,14
